id,name,type,status,layer,module,feature,description,file_path,related_files,parent_id,child_ids,depends_on,used_by,ui_related,api_related,database_related,tests_related,docs_related,agent_related,risk_level,completion_percent,last_verified_at,verification_status,notes
SOAR-API-AUTH-LOGIN,POST /auth/login,api_route,verified,backend,api-auth,auth-session,"Public login endpoint that issues session cookies after credential validation.",apps/api/src/modules/auth/auth.routes.ts,apps/api/src/modules/auth/auth.controller.ts;apps/api/src/modules/auth/auth.service.ts,SOAR-FEATURE-AUTH-SESSION,,SOAR-DB-USER,SOAR-COMP-LOGIN-FORM,,SOAR-API-AUTH-ME,SOAR-DB-USER,SOAR-TEST-AUTH-SESSION,SOAR-DOC-API-AUTH,,high,100,2026-05-14,verified,"Typed API route view."
SOAR-API-MANUAL-CONTEXT,GET /dashboard/orders/manual-context,api_route,verified,backend,api-orders,manual-order,"Authenticated manual-order context endpoint with market rules price reference and execution metadata.",apps/api/src/modules/orders/orders.routes.ts,apps/api/src/modules/orders/orders.manualContext.service.ts,SOAR-FEATURE-MANUAL-ORDER,,SOAR-SERVICE-ORDERS;SOAR-FEATURE-EXCHANGE-ADAPTER,SOAR-HOOK-MANUAL-ORDER-CONTROLLER,,SOAR-API-ORDER-OPEN,SOAR-DB-BOT;SOAR-DB-WALLET,SOAR-TEST-MANUAL-ORDER,SOAR-DOC-API-ORDERS,,critical,100,2026-05-23,verified,"Typed API route view."
SOAR-API-ORDER-OPEN,POST /dashboard/orders/open,api_route,verified,backend,api-orders,manual-order,"Authenticated manual order placement endpoint with risk and entitlement guards.",apps/api/src/modules/orders/orders.routes.ts,apps/api/src/modules/orders/orders.service.ts;apps/api/src/modules/engine/preTrade.service.ts,SOAR-FEATURE-MANUAL-ORDER,,SOAR-SERVICE-ORDERS;SOAR-FEATURE-EXCHANGE-ADAPTER,SOAR-HOOK-MANUAL-ORDER-CONTROLLER,,SOAR-SERVICE-ORDERS,SOAR-DB-ORDER;SOAR-DB-POSITION,SOAR-TEST-MANUAL-ORDER,SOAR-DOC-API-ORDERS,,critical,95,2026-05-23,verified_local,"Typed API route view."
SOAR-API-ORDER-LIST,GET /dashboard/orders,api_route,verified,backend,api-orders,manual-order,"Authenticated order list route with normalized filters and ownership scope.",apps/api/src/modules/orders/orders.routes.ts,apps/api/src/modules/orders/orders.controller.ts,SOAR-FEATURE-MANUAL-ORDER,,SOAR-CONTROLLER-ORDERS;SOAR-TYPES-ORDERS,SOAR-COMP-RUNTIME-DATA-SECTION,,SOAR-CONTROLLER-ORDERS,SOAR-DB-ORDER,SOAR-TEST-ORDER-SERVICE;SOAR-TEST-ORDER-POSITIONS-E2E,SOAR-DOC-API-ORDERS,,high,95,2026-05-23,verified_local,"Typed API route view."
SOAR-API-ORDER-GET,GET /dashboard/orders/:id,api_route,verified,backend,api-orders,manual-order,"Authenticated single order read route.",apps/api/src/modules/orders/orders.routes.ts,apps/api/src/modules/orders/orders.controller.ts,SOAR-FEATURE-MANUAL-ORDER,,SOAR-CONTROLLER-ORDERS,SOAR-COMP-RUNTIME-DATA-SECTION,,SOAR-CONTROLLER-ORDERS,SOAR-DB-ORDER,SOAR-TEST-ORDER-SERVICE;SOAR-TEST-ORDER-POSITIONS-E2E,SOAR-DOC-API-ORDERS,,high,95,2026-05-23,verified_local,"Typed API route view."
SOAR-API-ORDER-CANCEL,POST /dashboard/orders/:id/cancel,api_route,verified,backend,api-orders,manual-order,"Authenticated cancel command route with risk acknowledgement and exchange-backed fail-closed behavior.",apps/api/src/modules/orders/orders.routes.ts,apps/api/src/modules/orders/orders.controller.ts,SOAR-FEATURE-MANUAL-ORDER,,SOAR-CONTROLLER-ORDERS;SOAR-SERVICE-ORDERS,SOAR-COMP-RUNTIME-DATA-PRESENTERS,SOAR-COMP-RUNTIME-DATA-PRESENTERS,SOAR-CONTROLLER-ORDERS,SOAR-DB-ORDER,SOAR-TEST-ORDER-SERVICE;SOAR-TEST-ORDER-POSITIONS-E2E,SOAR-DOC-API-ORDERS,,critical,95,2026-05-23,verified_local,"Typed API route view."
SOAR-API-ORDER-CLOSE,POST /dashboard/orders/:id/close,api_route,verified,backend,api-orders,manual-order,"Authenticated close command route with risk acknowledgement and lifecycle guards.",apps/api/src/modules/orders/orders.routes.ts,apps/api/src/modules/orders/orders.controller.ts,SOAR-FEATURE-MANUAL-ORDER,,SOAR-CONTROLLER-ORDERS;SOAR-SERVICE-ORDERS,SOAR-COMP-RUNTIME-DATA-PRESENTERS,SOAR-COMP-RUNTIME-DATA-PRESENTERS,SOAR-CONTROLLER-ORDERS,SOAR-DB-ORDER;SOAR-DB-POSITION,SOAR-TEST-ORDER-POSITIONS-E2E,SOAR-DOC-API-ORDERS,,critical,95,2026-05-23,verified_local,"Typed API route view."
SOAR-API-POSITION-LIST,GET /dashboard/positions,api_route,verified_local,backend,api-positions,positions,"Authenticated position list route with status symbol pagination and ownership scope.",apps/api/src/modules/positions/positions.routes.ts,apps/api/src/modules/positions/positions.controller.ts,SOAR-FEATURE-POSITIONS,,SOAR-CONTROLLER-POSITIONS;SOAR-TYPES-POSITIONS,SOAR-COMP-RUNTIME-DATA-SECTION,,SOAR-CONTROLLER-POSITIONS,SOAR-DB-POSITION,SOAR-TEST-POSITIONS-SERVICE;SOAR-TEST-POSITIONS-TAKEOVER-ORPHAN,SOAR-DOC-API-POSITIONS,,critical,90,2026-05-24,verified_local,"Typed API route view."
SOAR-API-POSITION-GET,GET /dashboard/positions/:id,api_route,verified_local,backend,api-positions,positions,"Authenticated single position read route.",apps/api/src/modules/positions/positions.routes.ts,apps/api/src/modules/positions/positions.controller.ts,SOAR-FEATURE-POSITIONS,,SOAR-CONTROLLER-POSITIONS,SOAR-COMP-RUNTIME-DATA-SECTION,,SOAR-CONTROLLER-POSITIONS,SOAR-DB-POSITION,SOAR-TEST-POSITIONS-SERVICE,SOAR-DOC-API-POSITIONS,,high,90,2026-05-24,verified_local,"Typed API route view."
SOAR-API-POSITION-LIVE-STATUS,GET /dashboard/positions/live-status,api_route,verified_local,backend,api-positions,positions,"Authenticated live reconciliation status route with user scoped diagnostics.",apps/api/src/modules/positions/positions.routes.ts,apps/api/src/modules/positions/positions.controller.ts;apps/api/src/modules/positions/livePositionReconciliationLoop.ts,SOAR-FEATURE-POSITIONS,,SOAR-CONTROLLER-POSITIONS;SOAR-SERVICE-LIVE-POSITION-RECONCILIATION,SOAR-COMP-RUNTIME-DATA-SECTION,,SOAR-CONTROLLER-POSITIONS,SOAR-DB-POSITION,SOAR-TEST-POSITIONS-RECONCILIATION,SOAR-DOC-API-POSITIONS;SOAR-DOC-LIVE-POSITION-RESTART,,critical,90,2026-05-24,verified_local,"Typed API route view."
SOAR-API-POSITION-EXCHANGE-SNAPSHOT,GET /dashboard/positions/exchange-snapshot,api_route,verified_local,backend,api-positions,positions,"Authenticated exchange positions snapshot route behind operation capability checks.",apps/api/src/modules/positions/positions.routes.ts,apps/api/src/modules/positions/positions.controller.ts,SOAR-FEATURE-POSITIONS,,SOAR-CONTROLLER-POSITIONS;SOAR-SERVICE-POSITIONS;SOAR-FEATURE-EXCHANGE-ADAPTER,SOAR-COMP-RUNTIME-DATA-SECTION,,SOAR-CONTROLLER-POSITIONS,SOAR-DB-POSITION,SOAR-TEST-POSITIONS-SNAPSHOT,SOAR-DOC-API-POSITIONS,,critical,90,2026-05-24,verified_local,"Typed API route view."
SOAR-API-POSITION-TAKEOVER-STATUS,GET /dashboard/positions/takeover-status,api_route,verified_local,backend,api-positions,positions,"Authenticated external position takeover status route.",apps/api/src/modules/positions/positions.routes.ts,apps/api/src/modules/positions/positions.controller.ts,SOAR-FEATURE-POSITIONS,,SOAR-CONTROLLER-POSITIONS;SOAR-SERVICE-POSITIONS,SOAR-COMP-RUNTIME-DATA-SECTION,,SOAR-CONTROLLER-POSITIONS,SOAR-DB-POSITION,SOAR-TEST-POSITIONS-TAKEOVER-ORPHAN,SOAR-DOC-API-POSITIONS,,critical,90,2026-05-24,verified_local,"Typed API route view."
SOAR-API-POSITION-TAKEOVER-REBIND,POST /dashboard/positions/takeover-rebind,api_route,verified_local,backend,api-positions,positions,"Authenticated deterministic external takeover ownership rebind route.",apps/api/src/modules/positions/positions.routes.ts,apps/api/src/modules/positions/positions.controller.ts,SOAR-FEATURE-POSITIONS,,SOAR-CONTROLLER-POSITIONS;SOAR-SERVICE-POSITIONS,SOAR-COMP-RUNTIME-DATA-SECTION,,SOAR-CONTROLLER-POSITIONS,SOAR-DB-POSITION,SOAR-TEST-POSITIONS-TAKEOVER-ORPHAN,SOAR-DOC-API-POSITIONS,,critical,90,2026-05-24,verified_local,"Typed API route view."
SOAR-API-POSITION-ORPHAN-REPAIR,POST /dashboard/positions/orphan-repair,api_route,verified_local,backend,api-positions,positions,"Authenticated local orphan repair plus exchange reconciliation and takeover rebind route.",apps/api/src/modules/positions/positions.routes.ts,apps/api/src/modules/positions/positions.controller.ts,SOAR-FEATURE-POSITIONS,,SOAR-CONTROLLER-POSITIONS;SOAR-SERVICE-POSITIONS;SOAR-SERVICE-LIVE-POSITION-RECONCILIATION,SOAR-COMP-RUNTIME-DATA-SECTION,,SOAR-CONTROLLER-POSITIONS,SOAR-DB-POSITION,SOAR-TEST-POSITIONS-TAKEOVER-ORPHAN,SOAR-DOC-API-POSITIONS,,critical,90,2026-05-24,verified_local,"Typed API route view."
SOAR-API-POSITION-MANAGEMENT-MODE,PATCH /dashboard/positions/:id/management-mode,api_route,verified_local,backend,api-positions,positions,"Authenticated management mode update route for BOT_MANAGED versus MANUAL_MANAGED state.",apps/api/src/modules/positions/positions.routes.ts,apps/api/src/modules/positions/positions.controller.ts,SOAR-FEATURE-POSITIONS,,SOAR-CONTROLLER-POSITIONS;SOAR-TYPES-POSITIONS;SOAR-SERVICE-POSITIONS,SOAR-COMP-RUNTIME-DATA-SECTION,,SOAR-CONTROLLER-POSITIONS,SOAR-DB-POSITION,SOAR-TEST-POSITIONS-SERVICE,SOAR-DOC-API-POSITIONS,,critical,90,2026-05-24,verified_local,"Typed API route view."
SOAR-API-POSITION-MANUAL-UPDATE,PATCH /dashboard/positions/:id/manual-update,api_route,verified_local,backend,api-positions,positions,"Authenticated manual TP SL notes and lock-rule update route for open positions.",apps/api/src/modules/positions/positions.routes.ts,apps/api/src/modules/positions/positions.controller.ts,SOAR-FEATURE-POSITIONS,,SOAR-CONTROLLER-POSITIONS;SOAR-TYPES-POSITIONS;SOAR-SERVICE-POSITIONS,SOAR-WEB-POSITIONS-SERVICE;SOAR-COMP-RUNTIME-DATA-PRESENTERS,SOAR-COMP-RUNTIME-DATA-PRESENTERS,SOAR-CONTROLLER-POSITIONS,SOAR-DB-POSITION,SOAR-TEST-POSITIONS-SERVICE;SOAR-TEST-WEB-POSITIONS,SOAR-DOC-API-POSITIONS;SOAR-DOC-WEB-POSITIONS,,critical,90,2026-05-24,verified_local,"Typed API route view."
SOAR-API-BOT-RUNTIME-GRAPH,GET /dashboard/bots/:id/runtime-graph,api_route,verified_local,backend,api-bots,bot-runtime,"Authenticated bot runtime graph route.",apps/api/src/modules/bots/bots.routes.ts,apps/api/src/modules/bots/bots.controller.ts,SOAR-FEATURE-BOT-RUNTIME,,SOAR-CONTROLLER-BOTS;SOAR-SERVICE-BOTS,SOAR-COMP-BOTS-MANAGEMENT,SOAR-COMP-BOTS-MANAGEMENT,SOAR-CONTROLLER-BOTS,SOAR-DB-BOT;SOAR-DB-RUNTIME-SESSION,SOAR-TEST-BOT-RUNTIME-API,SOAR-DOC-API-BOTS,,high,90,2026-05-24,verified_local,"Typed API route view."
SOAR-API-BOT-RUNTIME-AGGREGATE,GET /dashboard/bots/:id/runtime-monitoring/aggregate,api_route,verified_local,backend,api-bots,bot-runtime,"Authenticated aggregate runtime monitoring route for session positions orders trades and symbol stats.",apps/api/src/modules/bots/bots.routes.ts,apps/api/src/modules/bots/bots.controller.ts,SOAR-FEATURE-BOT-RUNTIME,,SOAR-CONTROLLER-BOTS;SOAR-SERVICE-RUNTIME-AGGREGATE,SOAR-COMP-BOTS-MANAGEMENT;SOAR-COMP-HOME-LIVE-WIDGETS,SOAR-COMP-BOTS-MANAGEMENT;SOAR-COMP-HOME-LIVE-WIDGETS,SOAR-CONTROLLER-BOTS,SOAR-DB-RUNTIME-SESSION;SOAR-DB-POSITION;SOAR-DB-ORDER;SOAR-DB-TRADE,SOAR-TEST-BOT-RUNTIME-API;SOAR-TEST-BOT-RUNTIME-WEB,SOAR-DOC-API-BOTS;SOAR-DOC-WEB-BOTS,,critical,90,2026-05-24,verified_local,"Typed API route view."
SOAR-API-BOT-RUNTIME-SESSIONS,GET /dashboard/bots/:id/runtime-sessions,api_route,verified_local,backend,api-bots,bot-runtime,"Authenticated runtime sessions list route.",apps/api/src/modules/bots/bots.routes.ts,apps/api/src/modules/bots/bots.controller.ts,SOAR-FEATURE-BOT-RUNTIME,,SOAR-CONTROLLER-BOTS;SOAR-SERVICE-RUNTIME-SESSIONS,SOAR-COMP-BOTS-MANAGEMENT,SOAR-COMP-BOTS-MANAGEMENT,SOAR-CONTROLLER-BOTS,SOAR-DB-RUNTIME-SESSION,SOAR-TEST-BOT-RUNTIME-API,SOAR-DOC-API-BOTS,,high,90,2026-05-24,verified_local,"Typed API route view."
SOAR-API-BOT-RUNTIME-SESSION-GET,GET /dashboard/bots/:id/runtime-sessions/:sessionId,api_route,verified_local,backend,api-bots,bot-runtime,"Authenticated runtime session detail route.",apps/api/src/modules/bots/bots.routes.ts,apps/api/src/modules/bots/bots.controller.ts,SOAR-FEATURE-BOT-RUNTIME,,SOAR-CONTROLLER-BOTS;SOAR-SERVICE-RUNTIME-SESSIONS,SOAR-COMP-BOTS-MANAGEMENT,SOAR-COMP-BOTS-MANAGEMENT,SOAR-CONTROLLER-BOTS,SOAR-DB-RUNTIME-SESSION,SOAR-TEST-BOT-RUNTIME-API,SOAR-DOC-API-BOTS,,high,90,2026-05-24,verified_local,"Typed API route view."
SOAR-API-BOT-RUNTIME-SYMBOL-STATS,GET /dashboard/bots/:id/runtime-sessions/:sessionId/symbol-stats,api_route,verified_local,backend,api-bots,bot-runtime,"Authenticated runtime symbol stats route.",apps/api/src/modules/bots/bots.routes.ts,apps/api/src/modules/bots/bots.controller.ts,SOAR-FEATURE-BOT-RUNTIME,,SOAR-CONTROLLER-BOTS;SOAR-SERVICE-RUNTIME-SYMBOL-STATS,SOAR-COMP-BOTS-MANAGEMENT,SOAR-COMP-BOTS-MANAGEMENT,SOAR-CONTROLLER-BOTS,SOAR-DB-RUNTIME-SESSION,SOAR-TEST-BOT-RUNTIME-API,SOAR-DOC-API-BOTS,,high,90,2026-05-24,verified_local,"Typed API route view."
SOAR-API-BOT-RUNTIME-TRADES,GET /dashboard/bots/:id/runtime-sessions/:sessionId/trades,api_route,verified_local,backend,api-bots,bot-runtime,"Authenticated runtime trades route.",apps/api/src/modules/bots/bots.routes.ts,apps/api/src/modules/bots/bots.controller.ts,SOAR-FEATURE-BOT-RUNTIME,,SOAR-CONTROLLER-BOTS;SOAR-SERVICE-RUNTIME-TRADES,SOAR-COMP-BOTS-MANAGEMENT,SOAR-COMP-BOTS-MANAGEMENT,SOAR-CONTROLLER-BOTS,SOAR-DB-TRADE,SOAR-TEST-BOT-RUNTIME-API,SOAR-DOC-API-BOTS,,high,90,2026-05-24,verified_local,"Typed API route view."
SOAR-API-BOT-RUNTIME-CLOSE-POSITION,POST /dashboard/bots/:id/runtime-sessions/:sessionId/positions/:positionId/close,api_route,verified_local,backend,api-bots,bot-runtime,"Authenticated runtime close-position command route with fail-closed ownership and risk guards.",apps/api/src/modules/bots/bots.routes.ts,apps/api/src/modules/bots/bots.controller.ts,SOAR-FEATURE-BOT-RUNTIME,,SOAR-CONTROLLER-BOTS;SOAR-SERVICE-RUNTIME-POSITION-COMMAND,SOAR-COMP-BOTS-MANAGEMENT;SOAR-COMP-RUNTIME-DATA-PRESENTERS,SOAR-COMP-BOTS-MANAGEMENT;SOAR-COMP-RUNTIME-DATA-PRESENTERS,SOAR-CONTROLLER-BOTS,SOAR-DB-POSITION;SOAR-DB-ORDER,SOAR-TEST-BOT-RUNTIME-API;SOAR-TEST-BOT-RUNTIME-WEB,SOAR-DOC-API-BOTS;SOAR-DOC-WEB-BOTS,,critical,90,2026-05-24,verified_local,"Typed API route view."
SOAR-API-WALLET-LIST,GET /dashboard/wallets,api_route,verified_local,backend,api-wallets,wallets,"Authenticated wallet list endpoint with optional mode marketType and exchange filters.",apps/api/src/modules/wallets/wallets.routes.ts,apps/api/src/modules/wallets/wallets.controller.ts;apps/api/src/modules/wallets/wallets.service.ts,SOAR-FEATURE-WALLETS,,SOAR-CONTROLLER-WALLETS;SOAR-TYPES-WALLETS,SOAR-SERVICE-WEB-WALLETS,,SOAR-API-WALLET-GET,SOAR-DB-WALLET,SOAR-TEST-WALLETS-API,SOAR-DOC-API-WALLETS,,high,95,2026-05-24,verified_local,"Typed API route view."
SOAR-API-WALLET-METADATA,GET /dashboard/wallets/metadata,api_route,verified_local,backend,api-wallets,wallets,"Authenticated wallet metadata endpoint for exchange marketType and base currency options.",apps/api/src/modules/wallets/wallets.routes.ts,apps/api/src/modules/wallets/wallets.controller.ts;apps/api/src/modules/wallets/wallets.service.ts,SOAR-FEATURE-WALLETS,,SOAR-CONTROLLER-WALLETS;SOAR-SERVICE-EXCHANGE-MARKET-CATALOG,SOAR-SERVICE-WEB-WALLETS,,SOAR-API-WALLET-CREATE;SOAR-API-WALLET-UPDATE,SOAR-DB-WALLET,SOAR-TEST-WALLETS-API,SOAR-DOC-API-WALLETS,,high,95,2026-05-24,verified_local,"Typed API route view."
SOAR-API-WALLET-PREVIEW-BALANCE,POST /dashboard/wallets/preview-balance,api_route,verified_local,backend,api-wallets,wallets,"Authenticated LIVE wallet balance preview endpoint through owned API key and exchange read boundary.",apps/api/src/modules/wallets/wallets.routes.ts,apps/api/src/modules/wallets/wallets.controller.ts;apps/api/src/modules/wallets/wallets.service.ts,SOAR-FEATURE-WALLETS,,SOAR-CONTROLLER-WALLETS;SOAR-SERVICE-EXCHANGE-AUTH-READ,SOAR-SERVICE-WEB-WALLETS,,SOAR-API-WALLET-CREATE;SOAR-API-WALLET-UPDATE,SOAR-DB-WALLET,SOAR-TEST-WALLETS-API;SOAR-TEST-EXCHANGE-AUTH-READ,SOAR-DOC-API-WALLETS,,critical,95,2026-05-24,verified_local,"Typed API route view."
SOAR-API-WALLET-GET,GET /dashboard/wallets/:id,api_route,verified_local,backend,api-wallets,wallets,"Authenticated wallet detail endpoint.",apps/api/src/modules/wallets/wallets.routes.ts,apps/api/src/modules/wallets/wallets.controller.ts;apps/api/src/modules/wallets/wallets.service.ts,SOAR-FEATURE-WALLETS,,SOAR-CONTROLLER-WALLETS;SOAR-TYPES-WALLETS,SOAR-SERVICE-WEB-WALLETS,,SOAR-API-WALLET-UPDATE,SOAR-DB-WALLET,SOAR-TEST-WALLETS-API,SOAR-DOC-API-WALLETS,,high,95,2026-05-24,verified_local,"Typed API route view."
SOAR-API-WALLET-CREATE,POST /dashboard/wallets,api_route,verified_local,backend,api-wallets,wallets,"Authenticated wallet create endpoint with mode-aware validation and capability guards.",apps/api/src/modules/wallets/wallets.routes.ts,apps/api/src/modules/wallets/wallets.controller.ts;apps/api/src/modules/wallets/wallets.service.ts,SOAR-FEATURE-WALLETS,,SOAR-CONTROLLER-WALLETS;SOAR-TYPES-WALLETS;SOAR-SERVICE-EXCHANGE-CAPABILITIES,SOAR-SERVICE-WEB-WALLETS;SOAR-FEATURE-BOT-RUNTIME,,SOAR-API-WALLET-LIST,SOAR-DB-WALLET,SOAR-TEST-WALLETS-API,SOAR-DOC-API-WALLETS,,critical,95,2026-05-24,verified_local,"Typed API route view."
SOAR-API-WALLET-UPDATE,PUT /dashboard/wallets/:id,api_route,verified_local,backend,api-wallets,wallets,"Authenticated wallet update endpoint with mode-aware validation and active-bot edit guard.",apps/api/src/modules/wallets/wallets.routes.ts,apps/api/src/modules/wallets/wallets.controller.ts;apps/api/src/modules/wallets/wallets.service.ts,SOAR-FEATURE-WALLETS,,SOAR-CONTROLLER-WALLETS;SOAR-TYPES-WALLETS;SOAR-SERVICE-EXCHANGE-CAPABILITIES,SOAR-SERVICE-WEB-WALLETS,,SOAR-API-WALLET-GET,SOAR-DB-WALLET;SOAR-DB-BOT,SOAR-TEST-WALLETS-API,SOAR-DOC-API-WALLETS,,critical,95,2026-05-24,verified_local,"Typed API route view."
SOAR-API-WALLET-DELETE,DELETE /dashboard/wallets/:id,api_route,verified_local,backend,api-wallets,wallets,"Authenticated wallet delete endpoint with linked-bot protection.",apps/api/src/modules/wallets/wallets.routes.ts,apps/api/src/modules/wallets/wallets.controller.ts;apps/api/src/modules/wallets/wallets.service.ts,SOAR-FEATURE-WALLETS,,SOAR-CONTROLLER-WALLETS;SOAR-SERVICE-WALLETS,SOAR-SERVICE-WEB-WALLETS,,SOAR-API-WALLET-LIST,SOAR-DB-WALLET;SOAR-DB-BOT,SOAR-TEST-WALLETS-API,SOAR-DOC-API-WALLETS,,critical,95,2026-05-24,verified_local,"Typed API route view."
SOAR-API-WALLET-RESET-PAPER,POST /dashboard/wallets/:id/reset-paper,api_route,verified_local,backend,api-wallets,wallets,"Dedicated paper wallet reset endpoint with mode ownership open-position and open-order guards.",apps/api/src/modules/wallets/wallets.routes.ts,apps/api/src/modules/wallets/wallets.controller.ts;apps/api/src/modules/wallets/wallets.service.ts,SOAR-FEATURE-WALLETS,,SOAR-CONTROLLER-WALLETS;SOAR-SERVICE-WALLETS,SOAR-SERVICE-WEB-WALLETS,,SOAR-API-WALLET-GET,SOAR-DB-WALLET;SOAR-DB-POSITION;SOAR-DB-ORDER,SOAR-TEST-WALLETS-API;SOAR-TEST-WALLETS-WEB,SOAR-DOC-API-WALLETS;SOAR-DOC-WEB-WALLETS,,critical,95,2026-05-24,verified_local,"Typed API route view."
SOAR-API-WALLET-PERFORMANCE-SUMMARY,GET /dashboard/wallets/:id/performance-summary,api_route,verified_local,backend,api-wallets,wallets,"Wallet analytics endpoint for summary including scoped open-PnL read model.",apps/api/src/modules/wallets/wallets.routes.ts,apps/api/src/modules/wallets/wallets.controller.ts;apps/api/src/modules/wallets/wallets.service.ts,SOAR-FEATURE-WALLETS,,SOAR-CONTROLLER-WALLETS;SOAR-SERVICE-WALLETS;SOAR-SERVICE-WALLET-LEDGER,SOAR-SERVICE-WEB-WALLETS,,SOAR-API-WALLET-EQUITY-TIMELINE,SOAR-DB-WALLET;SOAR-DB-POSITION,SOAR-TEST-WALLET-LEDGER;SOAR-TEST-WALLETS-API,SOAR-DOC-API-WALLETS,,critical,95,2026-05-24,verified_local,"Typed API route view."
SOAR-API-WALLET-EQUITY-TIMELINE,GET /dashboard/wallets/:id/equity-timeline,api_route,verified_local,backend,api-wallets,wallets,"Wallet analytics endpoint for equity timeline snapshots.",apps/api/src/modules/wallets/wallets.routes.ts,apps/api/src/modules/wallets/wallets.controller.ts;apps/api/src/modules/wallets/wallets.service.ts,SOAR-FEATURE-WALLETS,,SOAR-CONTROLLER-WALLETS;SOAR-SERVICE-WALLETS;SOAR-SERVICE-WALLET-LEDGER,SOAR-SERVICE-WEB-WALLETS,,SOAR-API-WALLET-PERFORMANCE-SUMMARY,SOAR-DB-WALLET,SOAR-TEST-WALLET-LEDGER;SOAR-TEST-WALLETS-API,SOAR-DOC-API-WALLETS,,critical,95,2026-05-24,verified_local,"Typed API route view."
SOAR-API-WALLET-CASHFLOW-EVENTS,GET /dashboard/wallets/:id/cashflow-events,api_route,verified_local,backend,api-wallets,wallets,"Wallet analytics endpoint for cashflow events filtered by canonical source and date range.",apps/api/src/modules/wallets/wallets.routes.ts,apps/api/src/modules/wallets/wallets.controller.ts;apps/api/src/modules/wallets/wallets.service.ts,SOAR-FEATURE-WALLETS,,SOAR-CONTROLLER-WALLETS;SOAR-SERVICE-WALLETS;SOAR-SERVICE-WALLET-LEDGER;SOAR-SERVICE-WALLET-CASHFLOW-CLASSIFIER,SOAR-SERVICE-WEB-WALLETS,,SOAR-API-WALLET-PERFORMANCE-SUMMARY,SOAR-DB-WALLET,SOAR-TEST-WALLET-LEDGER;SOAR-TEST-WALLETS-API,SOAR-DOC-API-WALLETS,,critical,95,2026-05-24,verified_local,"Typed API route view."
SOAR-API-PROFILE-APIKEY-LIST,GET /dashboard/profile/apiKeys,api_route,verified_local,backend,api-profile,profile-api-keys,"Authenticated API-key list endpoint returning masked public key records.",apps/api/src/modules/profile/apiKey/apiKey.routes.ts,apps/api/src/modules/profile/apiKey/apiKey.controller.ts;apps/api/src/modules/profile/apiKey/apiKey.service.ts,SOAR-FEATURE-PROFILE-API-KEYS,,SOAR-CONTROLLER-PROFILE-API-KEYS;SOAR-SERVICE-PROFILE-API-KEYS,SOAR-SERVICE-WEB-API-KEYS,,SOAR-API-PROFILE-APIKEY-CREATE,SOAR-DB-API-KEY,SOAR-TEST-PROFILE-API-KEYS-API,SOAR-DOC-API-PROFILE,,critical,95,2026-05-24,verified_local,"Typed API route view."
SOAR-API-PROFILE-APIKEY-CREATE,POST /dashboard/profile/apiKeys,api_route,verified_local,backend,api-profile,profile-api-keys,"Authenticated API-key create endpoint with encrypted credential storage.",apps/api/src/modules/profile/apiKey/apiKey.routes.ts,apps/api/src/modules/profile/apiKey/apiKey.controller.ts;apps/api/src/modules/profile/apiKey/apiKey.service.ts,SOAR-FEATURE-PROFILE-API-KEYS,,SOAR-CONTROLLER-PROFILE-API-KEYS;SOAR-TYPES-PROFILE-API-KEYS;SOAR-SERVICE-PROFILE-API-KEYS,SOAR-SERVICE-WEB-API-KEYS;SOAR-FEATURE-WALLETS,,SOAR-API-PROFILE-APIKEY-LIST,SOAR-DB-API-KEY;SOAR-DB-USER;SOAR-DB-LOG,SOAR-TEST-PROFILE-API-KEYS-API,SOAR-DOC-API-PROFILE,,critical,95,2026-05-24,verified_local,"Typed API route view."
SOAR-API-PROFILE-APIKEY-UPDATE,PATCH /dashboard/profile/apiKeys/:id,api_route,verified_local,backend,api-profile,profile-api-keys,"Authenticated API-key metadata and sync-options update endpoint.",apps/api/src/modules/profile/apiKey/apiKey.routes.ts,apps/api/src/modules/profile/apiKey/apiKey.controller.ts;apps/api/src/modules/profile/apiKey/apiKey.service.ts,SOAR-FEATURE-PROFILE-API-KEYS,,SOAR-CONTROLLER-PROFILE-API-KEYS;SOAR-TYPES-PROFILE-API-KEYS;SOAR-SERVICE-PROFILE-API-KEYS,SOAR-SERVICE-WEB-API-KEYS,,SOAR-API-PROFILE-APIKEY-LIST,SOAR-DB-API-KEY;SOAR-DB-LOG,SOAR-TEST-PROFILE-API-KEYS-API,SOAR-DOC-API-PROFILE,,critical,95,2026-05-24,verified_local,"Typed API route view."
SOAR-API-PROFILE-APIKEY-DELETE,DELETE /dashboard/profile/apiKeys/:id,api_route,verified_local,backend,api-profile,profile-api-keys,"Authenticated API-key delete endpoint.",apps/api/src/modules/profile/apiKey/apiKey.routes.ts,apps/api/src/modules/profile/apiKey/apiKey.controller.ts;apps/api/src/modules/profile/apiKey/apiKey.service.ts,SOAR-FEATURE-PROFILE-API-KEYS,,SOAR-CONTROLLER-PROFILE-API-KEYS;SOAR-SERVICE-PROFILE-API-KEYS,SOAR-SERVICE-WEB-API-KEYS,,SOAR-API-PROFILE-APIKEY-LIST,SOAR-DB-API-KEY;SOAR-DB-LOG,SOAR-TEST-PROFILE-API-KEYS-API,SOAR-DOC-API-PROFILE,,critical,95,2026-05-24,verified_local,"Typed API route view."
SOAR-API-PROFILE-APIKEY-TEST,POST /dashboard/profile/apiKeys/test,api_route,verified_local,backend,api-profile,profile-api-keys,"Authenticated provided-credential exchange connection test endpoint.",apps/api/src/modules/profile/apiKey/apiKey.routes.ts,apps/api/src/modules/profile/apiKey/apiKey.controller.ts;apps/api/src/modules/profile/apiKey/apiKey.service.ts,SOAR-FEATURE-PROFILE-API-KEYS,,SOAR-CONTROLLER-PROFILE-API-KEYS;SOAR-SERVICE-PROFILE-API-KEYS;SOAR-SERVICE-PROFILE-API-KEY-PROBE,SOAR-SERVICE-WEB-API-KEYS,,SOAR-API-PROFILE-APIKEY-CREATE,SOAR-DB-LOG,SOAR-TEST-PROFILE-API-KEY-PROBE;SOAR-TEST-PROFILE-API-KEYS-API,SOAR-DOC-API-PROFILE,,critical,95,2026-05-24,verified_local,"Typed API route view."
SOAR-API-PROFILE-APIKEY-STORED-TEST,POST /dashboard/profile/apiKeys/:id/test,api_route,verified_local,backend,api-profile,profile-api-keys,"Authenticated stored-credential exchange connection test endpoint.",apps/api/src/modules/profile/apiKey/apiKey.routes.ts,apps/api/src/modules/profile/apiKey/apiKey.controller.ts;apps/api/src/modules/profile/apiKey/apiKey.service.ts,SOAR-FEATURE-PROFILE-API-KEYS,,SOAR-CONTROLLER-PROFILE-API-KEYS;SOAR-SERVICE-PROFILE-API-KEYS;SOAR-SERVICE-PROFILE-API-KEY-PROBE,SOAR-SERVICE-WEB-API-KEYS,,SOAR-API-PROFILE-APIKEY-LIST,SOAR-DB-API-KEY;SOAR-DB-LOG,SOAR-TEST-PROFILE-API-KEY-PROBE;SOAR-TEST-PROFILE-API-KEYS-API,SOAR-DOC-API-PROFILE,,critical,95,2026-05-24,verified_local,"Typed API route view."
SOAR-API-PROFILE-APIKEY-ROTATE,POST /dashboard/profile/apiKeys/:id/rotate,api_route,verified_local,backend,api-profile,profile-api-keys,"Authenticated API-key secret rotation endpoint.",apps/api/src/modules/profile/apiKey/apiKey.routes.ts,apps/api/src/modules/profile/apiKey/apiKey.controller.ts;apps/api/src/modules/profile/apiKey/apiKey.service.ts,SOAR-FEATURE-PROFILE-API-KEYS,,SOAR-CONTROLLER-PROFILE-API-KEYS;SOAR-TYPES-PROFILE-API-KEYS;SOAR-SERVICE-PROFILE-API-KEYS,SOAR-SERVICE-WEB-API-KEYS,,SOAR-API-PROFILE-APIKEY-LIST,SOAR-DB-API-KEY;SOAR-DB-LOG,SOAR-TEST-PROFILE-API-KEYS-API,SOAR-DOC-API-PROFILE,,critical,95,2026-05-24,verified_local,"Typed API route view."
SOAR-API-PROFILE-APIKEY-REVOKE,POST /dashboard/profile/apiKeys/:id/revoke,api_route,verified_local,backend,api-profile,profile-api-keys,"Authenticated API-key revoke endpoint.",apps/api/src/modules/profile/apiKey/apiKey.routes.ts,apps/api/src/modules/profile/apiKey/apiKey.controller.ts;apps/api/src/modules/profile/apiKey/apiKey.service.ts,SOAR-FEATURE-PROFILE-API-KEYS,,SOAR-CONTROLLER-PROFILE-API-KEYS;SOAR-SERVICE-PROFILE-API-KEYS,SOAR-SERVICE-WEB-API-KEYS,,SOAR-API-PROFILE-APIKEY-LIST,SOAR-DB-API-KEY;SOAR-DB-LOG,SOAR-TEST-PROFILE-API-KEYS-API,SOAR-DOC-API-PROFILE,,critical,95,2026-05-24,verified_local,"Typed API route view."
SOAR-API-BOT-LIST,GET /dashboard/bots,api_route,verified_local,backend,api-bots,bot-setup,"Authenticated bot list route.",apps/api/src/modules/bots/bots.routes.ts,apps/api/src/modules/bots/bots.controller.ts;apps/api/src/modules/bots/bots.service.ts,SOAR-FEATURE-BOT-SETUP,,SOAR-CONTROLLER-BOTS;SOAR-SERVICE-BOTS,SOAR-SERVICE-WEB-BOTS-API,,SOAR-API-BOT-GET,SOAR-DB-BOT,SOAR-TEST-BOT-SETUP-API,SOAR-DOC-API-BOTS,,high,90,2026-05-24,verified_local,"Typed API route view."
SOAR-API-BOT-GET,GET /dashboard/bots/:id,api_route,verified_local,backend,api-bots,bot-setup,"Authenticated bot detail route.",apps/api/src/modules/bots/bots.routes.ts,apps/api/src/modules/bots/bots.controller.ts;apps/api/src/modules/bots/bots.service.ts,SOAR-FEATURE-BOT-SETUP,,SOAR-CONTROLLER-BOTS;SOAR-SERVICE-BOTS,SOAR-SERVICE-WEB-BOTS-API,,SOAR-API-BOT-UPDATE,SOAR-DB-BOT;SOAR-DB-BOT-MARKET-GROUP,SOAR-TEST-BOT-SETUP-API,SOAR-DOC-API-BOTS,,high,90,2026-05-24,verified_local,"Typed API route view."
SOAR-API-BOT-CREATE,POST /dashboard/bots,api_route,verified_local,backend,api-bots,bot-setup,"Authenticated bot create route with wallet strategy market group consent and entitlement validation.",apps/api/src/modules/bots/bots.routes.ts,apps/api/src/modules/bots/bots.controller.ts;apps/api/src/modules/bots/bots.service.ts,SOAR-FEATURE-BOT-SETUP,,SOAR-CONTROLLER-BOTS;SOAR-TYPES-BOTS;SOAR-SERVICE-BOTS;SOAR-SERVICE-BOT-CONTEXT-VALIDATION;SOAR-SERVICE-BOT-ACTIVATION-POLICY,SOAR-SERVICE-WEB-BOTS-API,,SOAR-API-BOT-LIST,SOAR-DB-BOT;SOAR-DB-WALLET;SOAR-DB-API-KEY;SOAR-DB-STRATEGY;SOAR-DB-MARKET-UNIVERSE,SOAR-TEST-BOT-SETUP-API,SOAR-DOC-API-BOTS,,critical,90,2026-05-24,verified_local,"Typed API route view."
SOAR-API-BOT-UPDATE,PUT /dashboard/bots/:id,api_route,verified_local,backend,api-bots,bot-setup,"Authenticated bot update route with mode switch and canonical topology validation.",apps/api/src/modules/bots/bots.routes.ts,apps/api/src/modules/bots/bots.controller.ts;apps/api/src/modules/bots/bots.service.ts,SOAR-FEATURE-BOT-SETUP,,SOAR-CONTROLLER-BOTS;SOAR-TYPES-BOTS;SOAR-SERVICE-BOTS;SOAR-SERVICE-BOT-CONTEXT-VALIDATION;SOAR-SERVICE-BOT-CANONICAL-UPDATE-SCOPE,SOAR-SERVICE-WEB-BOTS-API,,SOAR-API-BOT-GET,SOAR-DB-BOT;SOAR-DB-WALLET;SOAR-DB-BOT-MARKET-GROUP,SOAR-TEST-BOT-SETUP-API,SOAR-DOC-API-BOTS,,critical,90,2026-05-24,verified_local,"Typed API route view."
SOAR-API-BOT-DELETE,DELETE /dashboard/bots/:id,api_route,verified_local,backend,api-bots,bot-setup,"Authenticated bot delete route with trading/runtime cleanup contract.",apps/api/src/modules/bots/bots.routes.ts,apps/api/src/modules/bots/bots.controller.ts;apps/api/src/modules/bots/bots.service.ts,SOAR-FEATURE-BOT-SETUP,,SOAR-CONTROLLER-BOTS;SOAR-SERVICE-BOTS,SOAR-SERVICE-WEB-BOTS-API,,SOAR-API-BOT-LIST,SOAR-DB-BOT;SOAR-DB-RUNTIME-SESSION;SOAR-DB-POSITION;SOAR-DB-ORDER,SOAR-TEST-BOT-SETUP-API,SOAR-DOC-API-BOTS,,critical,90,2026-05-24,verified_local,"Typed API route view."
SOAR-API-BOT-MARKET-GROUPS-LIST,GET /dashboard/bots/:id/market-groups,api_route,verified_local,backend,api-bots,bot-setup,"Authenticated bot market-group list route.",apps/api/src/modules/bots/bots.routes.ts,apps/api/src/modules/bots/bots.controller.ts,SOAR-FEATURE-BOT-SETUP,,SOAR-CONTROLLER-BOTS;SOAR-SERVICE-BOT-MARKET-GROUPS,SOAR-SERVICE-WEB-BOTS-API,,SOAR-API-BOT-MARKET-GROUP-CREATE,SOAR-DB-BOT-MARKET-GROUP,SOAR-TEST-BOT-SETUP-API,SOAR-DOC-API-BOTS,,high,90,2026-05-24,verified_local,"Typed API route view."
SOAR-API-BOT-MARKET-GROUP-CREATE,POST /dashboard/bots/:id/market-groups,api_route,verified_local,backend,api-bots,bot-setup,"Authenticated bot market-group create route.",apps/api/src/modules/bots/bots.routes.ts,apps/api/src/modules/bots/bots.controller.ts,SOAR-FEATURE-BOT-SETUP,,SOAR-CONTROLLER-BOTS;SOAR-SERVICE-BOT-MARKET-GROUPS,SOAR-SERVICE-WEB-BOTS-API,,SOAR-API-BOT-MARKET-GROUPS-LIST,SOAR-DB-BOT-MARKET-GROUP;SOAR-DB-MARKET-UNIVERSE,SOAR-TEST-BOT-SETUP-API,SOAR-DOC-API-BOTS,,critical,90,2026-05-24,verified_local,"Typed API route view."
SOAR-API-BOT-MARKET-GROUP-STRATEGY-ATTACH,POST /dashboard/bots/:id/market-groups/:groupId/strategies,api_route,verified_local,backend,api-bots,bot-setup,"Authenticated strategy-link attach route for bot market groups.",apps/api/src/modules/bots/bots.routes.ts,apps/api/src/modules/bots/bots.controller.ts,SOAR-FEATURE-BOT-SETUP,,SOAR-CONTROLLER-BOTS;SOAR-SERVICE-BOT-MARKET-GROUPS,SOAR-SERVICE-WEB-BOTS-API,,SOAR-API-BOT-MARKET-GROUPS-LIST,SOAR-DB-MARKET-GROUP-STRATEGY-LINK;SOAR-DB-STRATEGY,SOAR-TEST-BOT-SETUP-API,SOAR-DOC-API-BOTS,,critical,90,2026-05-24,verified_local,"Typed API route view."
SOAR-API-STRATEGY-LIST,GET /dashboard/strategies,api_route,verified_local,backend,api-strategies,strategies,"Authenticated strategy list endpoint scoped to the current user.",apps/api/src/modules/strategies/strategies.routes.ts,apps/api/src/modules/strategies/strategies.controller.ts;apps/api/src/modules/strategies/strategies.service.ts,SOAR-FEATURE-STRATEGIES,,SOAR-CONTROLLER-STRATEGIES;SOAR-SERVICE-STRATEGIES,SOAR-SERVICE-WEB-STRATEGIES,,SOAR-API-STRATEGY-GET,SOAR-DB-STRATEGY,SOAR-TEST-STRATEGIES-API,SOAR-DOC-API-STRATEGIES,,high,90,2026-05-24,verified_local,"Typed API route view for Strategies backfill."
SOAR-API-STRATEGY-IMPORT,POST /dashboard/strategies/import,api_route,verified_local,backend,api-strategies,strategies,"Authenticated strategy import endpoint with payload validation and create semantics.",apps/api/src/modules/strategies/strategies.routes.ts,apps/api/src/modules/strategies/strategies.controller.ts;apps/api/src/modules/strategies/strategies.service.ts,SOAR-FEATURE-STRATEGIES,,SOAR-CONTROLLER-STRATEGIES;SOAR-SERVICE-STRATEGIES;SOAR-TYPES-STRATEGIES,SOAR-SERVICE-WEB-STRATEGIES,,SOAR-API-STRATEGY-LIST,SOAR-DB-STRATEGY,SOAR-TEST-STRATEGIES-API,SOAR-DOC-API-STRATEGIES,,critical,90,2026-05-24,verified_local,"Typed API route view for Strategies backfill."
SOAR-API-STRATEGY-GET,GET /dashboard/strategies/:id,api_route,verified_local,backend,api-strategies,strategies,"Authenticated strategy detail endpoint.",apps/api/src/modules/strategies/strategies.routes.ts,apps/api/src/modules/strategies/strategies.controller.ts;apps/api/src/modules/strategies/strategies.service.ts,SOAR-FEATURE-STRATEGIES,,SOAR-CONTROLLER-STRATEGIES;SOAR-SERVICE-STRATEGIES,SOAR-SERVICE-WEB-STRATEGIES,,SOAR-API-STRATEGY-UPDATE,SOAR-DB-STRATEGY,SOAR-TEST-STRATEGIES-API,SOAR-DOC-API-STRATEGIES,,high,90,2026-05-24,verified_local,"Typed API route view for Strategies backfill."
SOAR-API-STRATEGY-EXPORT,GET /dashboard/strategies/:id/export,api_route,verified_local,backend,api-strategies,strategies,"Authenticated strategy export endpoint for portable strategy payloads.",apps/api/src/modules/strategies/strategies.routes.ts,apps/api/src/modules/strategies/strategies.controller.ts;apps/api/src/modules/strategies/strategies.service.ts,SOAR-FEATURE-STRATEGIES,,SOAR-CONTROLLER-STRATEGIES;SOAR-SERVICE-STRATEGIES,SOAR-SERVICE-WEB-STRATEGIES,,SOAR-API-STRATEGY-GET,SOAR-DB-STRATEGY,SOAR-TEST-STRATEGIES-API,SOAR-DOC-API-STRATEGIES,,high,90,2026-05-24,verified_local,"Typed API route view for Strategies backfill."
SOAR-API-STRATEGY-CREATE,POST /dashboard/strategies,api_route,verified_local,backend,api-strategies,strategies,"Authenticated strategy create endpoint with config validation.",apps/api/src/modules/strategies/strategies.routes.ts,apps/api/src/modules/strategies/strategies.controller.ts;apps/api/src/modules/strategies/strategies.service.ts,SOAR-FEATURE-STRATEGIES,,SOAR-CONTROLLER-STRATEGIES;SOAR-TYPES-STRATEGIES;SOAR-SERVICE-STRATEGIES;SOAR-SERVICE-STRATEGY-CONFIG-VALIDATION,SOAR-SERVICE-WEB-STRATEGIES;SOAR-FEATURE-BOT-SETUP,,SOAR-API-STRATEGY-LIST,SOAR-DB-STRATEGY,SOAR-TEST-STRATEGIES-API,SOAR-DOC-API-STRATEGIES,,critical,90,2026-05-24,verified_local,"Typed API route view for Strategies backfill."
SOAR-API-STRATEGY-UPDATE,PUT /dashboard/strategies/:id,api_route,verified_local,backend,api-strategies,strategies,"Authenticated strategy update endpoint blocked when used by an active bot.",apps/api/src/modules/strategies/strategies.routes.ts,apps/api/src/modules/strategies/strategies.controller.ts;apps/api/src/modules/strategies/strategies.service.ts,SOAR-FEATURE-STRATEGIES,,SOAR-CONTROLLER-STRATEGIES;SOAR-TYPES-STRATEGIES;SOAR-SERVICE-STRATEGIES;SOAR-SERVICE-STRATEGY-CONFIG-VALIDATION,SOAR-SERVICE-WEB-STRATEGIES;SOAR-FEATURE-BOT-SETUP,,SOAR-API-STRATEGY-GET,SOAR-DB-STRATEGY;SOAR-DB-BOT;SOAR-DB-MARKET-GROUP-STRATEGY-LINK,SOAR-TEST-STRATEGIES-API,SOAR-DOC-API-STRATEGIES,,critical,90,2026-05-24,verified_local,"Typed API route view for Strategies backfill."
SOAR-API-STRATEGY-DELETE,DELETE /dashboard/strategies/:id,api_route,verified_local,backend,api-strategies,strategies,"Authenticated strategy delete endpoint blocked by active bot or linked records.",apps/api/src/modules/strategies/strategies.routes.ts,apps/api/src/modules/strategies/strategies.controller.ts;apps/api/src/modules/strategies/strategies.service.ts,SOAR-FEATURE-STRATEGIES,,SOAR-CONTROLLER-STRATEGIES;SOAR-SERVICE-STRATEGIES,SOAR-SERVICE-WEB-STRATEGIES,,SOAR-API-STRATEGY-LIST,SOAR-DB-STRATEGY;SOAR-DB-BOT;SOAR-DB-MARKET-GROUP-STRATEGY-LINK,SOAR-TEST-STRATEGIES-API,SOAR-DOC-API-STRATEGIES,,critical,90,2026-05-24,verified_local,"Typed API route view for Strategies backfill."
SOAR-API-STRATEGY-INDICATORS,GET /dashboard/strategies/indicators,api_route,verified_local,backend,api-strategies,strategies,"Authenticated strategy indicator catalog endpoint.",apps/api/src/modules/strategies/indicators/indicators.routes.ts,apps/api/src/modules/strategies/indicators/indicators.controller.ts;apps/api/src/modules/strategies/indicators/indicators.service.ts,SOAR-FEATURE-STRATEGIES,,SOAR-SERVICE-STRATEGY-INDICATORS,SOAR-SERVICE-WEB-STRATEGIES;SOAR-COMP-STRATEGY-FORM-SECTIONS,SOAR-COMP-STRATEGY-FORM-SECTIONS,SOAR-SERVICE-STRATEGY-INDICATORS,,SOAR-TEST-STRATEGY-INDICATORS;SOAR-TEST-STRATEGIES-WEB,SOAR-DOC-API-STRATEGIES,,medium,90,2026-05-24,verified_local,"Typed API route view for Strategies backfill."
SOAR-API-MARKET-UNIVERSE-LIST,GET /dashboard/markets/universes,api_route,verified_local,backend,api-markets,markets,"Authenticated market universe list endpoint scoped to the current user.",apps/api/src/modules/markets/markets.routes.ts,apps/api/src/modules/markets/markets.controller.ts;apps/api/src/modules/markets/markets.service.ts,SOAR-FEATURE-MARKETS,,SOAR-CONTROLLER-MARKETS;SOAR-SERVICE-MARKETS,SOAR-SERVICE-WEB-MARKETS,,SOAR-API-MARKET-UNIVERSE-GET,SOAR-DB-MARKET-UNIVERSE,SOAR-TEST-MARKETS-API,SOAR-DOC-API-MARKETS,,high,90,2026-05-24,verified_local,"Typed API route view for Markets backfill."
SOAR-API-MARKET-UNIVERSE-GET,GET /dashboard/markets/universes/:id,api_route,verified_local,backend,api-markets,markets,"Authenticated market universe detail endpoint.",apps/api/src/modules/markets/markets.routes.ts,apps/api/src/modules/markets/markets.controller.ts;apps/api/src/modules/markets/markets.service.ts,SOAR-FEATURE-MARKETS,,SOAR-CONTROLLER-MARKETS;SOAR-SERVICE-MARKETS,SOAR-SERVICE-WEB-MARKETS,,SOAR-API-MARKET-UNIVERSE-UPDATE,SOAR-DB-MARKET-UNIVERSE,SOAR-TEST-MARKETS-API,SOAR-DOC-API-MARKETS,,high,90,2026-05-24,verified_local,"Typed API route view for Markets backfill."
SOAR-API-MARKET-CATALOG,GET /dashboard/markets/catalog,api_route,verified_local,backend,api-markets,markets,"Authenticated market catalog endpoint with exchange marketType and base-currency filtering.",apps/api/src/modules/markets/markets.routes.ts,apps/api/src/modules/markets/markets.controller.ts;apps/api/src/modules/markets/markets.service.ts,SOAR-FEATURE-MARKETS,,SOAR-CONTROLLER-MARKETS;SOAR-TYPES-MARKETS;SOAR-SERVICE-MARKETS;SOAR-SERVICE-EXCHANGE-MARKET-CATALOG,SOAR-SERVICE-WEB-MARKETS;SOAR-COMP-MARKET-UNIVERSE-FORM,SOAR-COMP-MARKET-UNIVERSE-FORM,SOAR-SERVICE-EXCHANGE-MARKET-CATALOG,,SOAR-TEST-MARKETS-API;SOAR-TEST-MARKETS-WEB,SOAR-DOC-API-MARKETS,,critical,90,2026-05-24,verified_local,"Typed API route view for Markets backfill."
SOAR-API-MARKET-UNIVERSE-CREATE,POST /dashboard/markets/universes,api_route,verified_local,backend,api-markets,markets,"Authenticated market universe create endpoint with normalized symbol lists.",apps/api/src/modules/markets/markets.routes.ts,apps/api/src/modules/markets/markets.controller.ts;apps/api/src/modules/markets/markets.service.ts,SOAR-FEATURE-MARKETS,,SOAR-CONTROLLER-MARKETS;SOAR-TYPES-MARKETS;SOAR-SERVICE-MARKETS,SOAR-SERVICE-WEB-MARKETS;SOAR-FEATURE-BOT-SETUP,,SOAR-API-MARKET-UNIVERSE-LIST,SOAR-DB-MARKET-UNIVERSE,SOAR-TEST-MARKETS-API,SOAR-DOC-API-MARKETS,,critical,90,2026-05-24,verified_local,"Typed API route view for Markets backfill."
SOAR-API-MARKET-UNIVERSE-UPDATE,PUT /dashboard/markets/universes/:id,api_route,verified_local,backend,api-markets,markets,"Authenticated market universe update endpoint blocked when used by active bot and syncing dependent symbol groups.",apps/api/src/modules/markets/markets.routes.ts,apps/api/src/modules/markets/markets.controller.ts;apps/api/src/modules/markets/markets.service.ts,SOAR-FEATURE-MARKETS,,SOAR-CONTROLLER-MARKETS;SOAR-TYPES-MARKETS;SOAR-SERVICE-MARKETS;SOAR-SERVICE-MARKET-CATALOG-SYMBOL-RESOLVER,SOAR-SERVICE-WEB-MARKETS;SOAR-FEATURE-BOT-SETUP,,SOAR-API-MARKET-UNIVERSE-GET,SOAR-DB-MARKET-UNIVERSE;SOAR-DB-SYMBOL-GROUP;SOAR-DB-BOT,SOAR-TEST-MARKETS-API,SOAR-DOC-API-MARKETS,,critical,90,2026-05-24,verified_local,"Typed API route view for Markets backfill."
SOAR-API-MARKET-UNIVERSE-DELETE,DELETE /dashboard/markets/universes/:id,api_route,verified_local,backend,api-markets,markets,"Authenticated market universe delete endpoint blocked by active bot and backtest-history references.",apps/api/src/modules/markets/markets.routes.ts,apps/api/src/modules/markets/markets.controller.ts;apps/api/src/modules/markets/markets.service.ts,SOAR-FEATURE-MARKETS,,SOAR-CONTROLLER-MARKETS;SOAR-SERVICE-MARKETS,SOAR-SERVICE-WEB-MARKETS,,SOAR-API-MARKET-UNIVERSE-LIST,SOAR-DB-MARKET-UNIVERSE;SOAR-DB-SYMBOL-GROUP;SOAR-DB-BOT;SOAR-DB-BOT-MARKET-GROUP,SOAR-TEST-MARKETS-API,SOAR-DOC-API-MARKETS,,critical,90,2026-05-24,verified_local,"Typed API route view for Markets backfill."
SOAR-API-BACKTEST-RUN-LIST,GET /dashboard/backtests/runs,api_route,verified_local,backend,api-backtests,backtests,"Authenticated backtest run list endpoint.",apps/api/src/modules/backtests/backtests.routes.ts,apps/api/src/modules/backtests/backtests.controller.ts;apps/api/src/modules/backtests/backtests.service.ts,SOAR-FEATURE-BACKTESTS,,SOAR-CONTROLLER-BACKTESTS;SOAR-SERVICE-BACKTESTS,SOAR-SERVICE-WEB-BACKTESTS,,SOAR-API-BACKTEST-RUN-GET,SOAR-DB-BACKTEST-RUN,SOAR-TEST-BACKTESTS-API,SOAR-DOC-API-BACKTESTS,,high,90,2026-05-24,verified_local,"Typed API route view for Backtests backfill."
SOAR-API-BACKTEST-RUN-GET,GET /dashboard/backtests/runs/:id,api_route,verified_local,backend,api-backtests,backtests,"Authenticated backtest run detail endpoint.",apps/api/src/modules/backtests/backtests.routes.ts,apps/api/src/modules/backtests/backtests.controller.ts;apps/api/src/modules/backtests/backtests.service.ts,SOAR-FEATURE-BACKTESTS,,SOAR-CONTROLLER-BACKTESTS;SOAR-SERVICE-BACKTESTS,SOAR-SERVICE-WEB-BACKTESTS,,SOAR-API-BACKTEST-RUN-TRADES,SOAR-DB-BACKTEST-RUN,SOAR-TEST-BACKTESTS-API,SOAR-DOC-API-BACKTESTS,,high,90,2026-05-24,verified_local,"Typed API route view for Backtests backfill."
SOAR-API-BACKTEST-RUN-TRADES,GET /dashboard/backtests/runs/:id/trades,api_route,verified_local,backend,api-backtests,backtests,"Authenticated backtest run trades endpoint.",apps/api/src/modules/backtests/backtests.routes.ts,apps/api/src/modules/backtests/backtests.controller.ts;apps/api/src/modules/backtests/backtests.service.ts,SOAR-FEATURE-BACKTESTS,,SOAR-CONTROLLER-BACKTESTS;SOAR-TYPES-BACKTESTS;SOAR-SERVICE-BACKTESTS,SOAR-SERVICE-WEB-BACKTESTS,,SOAR-API-BACKTEST-RUN-REPORT,SOAR-DB-BACKTEST-RUN;SOAR-DB-BACKTEST-TRADE,SOAR-TEST-BACKTESTS-API,SOAR-DOC-API-BACKTESTS,,high,90,2026-05-24,verified_local,"Typed API route view for Backtests backfill."
SOAR-API-BACKTEST-RUN-REPORT,GET /dashboard/backtests/runs/:id/report,api_route,verified_local,backend,api-backtests,backtests,"Authenticated backtest run report endpoint with lifecycle payload semantics.",apps/api/src/modules/backtests/backtests.routes.ts,apps/api/src/modules/backtests/backtests.controller.ts;apps/api/src/modules/backtests/backtests.service.ts,SOAR-FEATURE-BACKTESTS,,SOAR-CONTROLLER-BACKTESTS;SOAR-SERVICE-BACKTESTS;SOAR-SERVICE-BACKTEST-REPORT-LIFECYCLE,SOAR-SERVICE-WEB-BACKTESTS;SOAR-FEATURE-REPORTS,,SOAR-API-BACKTEST-RUN-GET,SOAR-DB-BACKTEST-RUN;SOAR-DB-BACKTEST-REPORT,SOAR-TEST-BACKTESTS-API,SOAR-DOC-API-BACKTESTS,,critical,90,2026-05-24,verified_local,"Typed API route view for Backtests backfill."
SOAR-API-BACKTEST-RUN-TIMELINE,GET /dashboard/backtests/runs/:id/timeline,api_route,verified_local,backend,api-backtests,backtests,"Authenticated backtest timeline endpoint for replay context chunks indicators candles and events.",apps/api/src/modules/backtests/backtests.routes.ts,apps/api/src/modules/backtests/backtests.controller.ts;apps/api/src/modules/backtests/backtests.service.ts,SOAR-FEATURE-BACKTESTS,,SOAR-CONTROLLER-BACKTESTS;SOAR-TYPES-BACKTESTS;SOAR-SERVICE-BACKTESTS;SOAR-SERVICE-BACKTEST-RANGE;SOAR-SERVICE-BACKTEST-REPLAY-CORE,SOAR-SERVICE-WEB-BACKTESTS;SOAR-COMP-BACKTEST-RUN-DETAILS,,SOAR-API-BACKTEST-RUN-GET,SOAR-DB-BACKTEST-RUN;SOAR-DB-BACKTEST-TRADE,SOAR-TEST-BACKTESTS-API;SOAR-TEST-BACKTEST-REPLAY,SOAR-DOC-API-BACKTESTS,,critical,90,2026-05-24,verified_local,"Typed API route view for Backtests backfill."
SOAR-API-BACKTEST-RUN-CREATE,POST /dashboard/backtests/runs,api_route,verified_local,backend,api-backtests,backtests,"Authenticated backtest run create endpoint with strategy market-universe range and queue job setup.",apps/api/src/modules/backtests/backtests.routes.ts,apps/api/src/modules/backtests/backtests.controller.ts;apps/api/src/modules/backtests/backtests.service.ts,SOAR-FEATURE-BACKTESTS,,SOAR-CONTROLLER-BACKTESTS;SOAR-TYPES-BACKTESTS;SOAR-SERVICE-BACKTESTS;SOAR-SERVICE-BACKTEST-RANGE;SOAR-SERVICE-BACKTEST-RUN-QUEUE,SOAR-SERVICE-WEB-BACKTESTS;SOAR-FEATURE-STRATEGIES;SOAR-FEATURE-MARKETS,,SOAR-API-BACKTEST-RUN-GET,SOAR-DB-BACKTEST-RUN;SOAR-DB-STRATEGY;SOAR-DB-MARKET-UNIVERSE,SOAR-TEST-BACKTESTS-API;SOAR-TEST-BACKTEST-REPLAY,SOAR-DOC-API-BACKTESTS,,critical,90,2026-05-24,verified_local,"Typed API route view for Backtests backfill."
SOAR-API-BACKTEST-RUN-DELETE,DELETE /dashboard/backtests/runs/:id,api_route,verified_local,backend,api-backtests,backtests,"Authenticated backtest run delete endpoint with cascade cleanup.",apps/api/src/modules/backtests/backtests.routes.ts,apps/api/src/modules/backtests/backtests.controller.ts;apps/api/src/modules/backtests/backtests.service.ts,SOAR-FEATURE-BACKTESTS,,SOAR-CONTROLLER-BACKTESTS;SOAR-SERVICE-BACKTESTS,SOAR-SERVICE-WEB-BACKTESTS,,SOAR-API-BACKTEST-RUN-LIST,SOAR-DB-BACKTEST-RUN;SOAR-DB-BACKTEST-TRADE;SOAR-DB-BACKTEST-REPORT,SOAR-TEST-BACKTESTS-API,SOAR-DOC-API-BACKTESTS,,critical,90,2026-05-24,verified_local,"Typed API route view for Backtests backfill."
SOAR-API-REPORTS-CROSS-MODE-PERFORMANCE,GET /dashboard/reports/cross-mode-performance,api_route,verified_local,backend,api-reports,reports,"Authenticated cross-mode performance summary endpoint for BACKTEST PAPER and LIVE rows.",apps/api/src/modules/reports/reports.routes.ts,apps/api/src/modules/reports/reports.controller.ts;apps/api/src/modules/reports/reports.service.ts,SOAR-FEATURE-REPORTS,,SOAR-CONTROLLER-REPORTS;SOAR-SERVICE-REPORTS,SOAR-SERVICE-WEB-REPORTS,,SOAR-CONTROLLER-REPORTS,SOAR-DB-BACKTEST-REPORT;SOAR-DB-TRADE;SOAR-DB-BOT,SOAR-TEST-REPORTS-API,SOAR-DOC-API-REPORTS,,critical,90,2026-05-24,verified_local,"Typed API route view for Reports backfill."
SOAR-API-LOGS-LIST,GET /dashboard/logs,api_route,verified_local,backend,api-logs,logs-audit,"Authenticated audit log list endpoint with filters and pagination bounds.",apps/api/src/modules/logs/logs.routes.ts,apps/api/src/modules/logs/logs.controller.ts;apps/api/src/modules/logs/logs.service.ts,SOAR-FEATURE-LOGS-AUDIT,,SOAR-CONTROLLER-LOGS;SOAR-TYPES-LOGS;SOAR-SERVICE-LOGS,SOAR-SERVICE-WEB-LOGS,,SOAR-CONTROLLER-LOGS,SOAR-DB-LOG,SOAR-TEST-LOGS-API,SOAR-DOC-API-LOGS,,high,90,2026-05-24,verified_local,"Typed API route view for Logs/Audit Trail backfill."
SOAR-API-ADMIN-USERS-LIST,GET /admin/users,api_route,verified_local,backend,api-admin,subscriptions-admin,"Admin-only user list endpoint with active subscription metadata.",apps/api/src/modules/admin/users/users.routes.ts,apps/api/src/modules/admin/users/users.controller.ts;apps/api/src/modules/admin/users/users.service.ts,SOAR-FEATURE-SUBSCRIPTIONS-ADMIN,,SOAR-CONTROLLER-ADMIN-USERS;SOAR-TYPES-ADMIN-USERS;SOAR-SERVICE-ADMIN-USERS,SOAR-SERVICE-WEB-ADMIN-USERS,,SOAR-CONTROLLER-ADMIN-USERS,SOAR-DB-USER;SOAR-DB-USER-SUBSCRIPTION;SOAR-DB-SUBSCRIPTION-PLAN,SOAR-TEST-SUBSCRIPTIONS-ADMIN-API,SOAR-DOC-API-ADMIN,,critical,90,2026-05-24,verified_local,"Typed API route view for Subscriptions/Admin backfill."
SOAR-API-ADMIN-USERS-UPDATE,PATCH /admin/users/:userId,api_route,verified_local,backend,api-admin,subscriptions-admin,"Admin-only user role and subscription assignment endpoint with self/last-admin guards.",apps/api/src/modules/admin/users/users.routes.ts,apps/api/src/modules/admin/users/users.controller.ts;apps/api/src/modules/admin/users/users.service.ts,SOAR-FEATURE-SUBSCRIPTIONS-ADMIN,,SOAR-CONTROLLER-ADMIN-USERS;SOAR-TYPES-ADMIN-USERS;SOAR-SERVICE-ADMIN-USERS,SOAR-SERVICE-WEB-ADMIN-USERS,,SOAR-CONTROLLER-ADMIN-USERS,SOAR-DB-USER;SOAR-DB-USER-SUBSCRIPTION;SOAR-DB-SUBSCRIPTION-PLAN,SOAR-TEST-SUBSCRIPTIONS-ADMIN-API,SOAR-DOC-API-ADMIN,,critical,90,2026-05-24,verified_local,"Typed API route view for Subscriptions/Admin backfill."
SOAR-API-ADMIN-SUBSCRIPTION-PLANS-LIST,GET /admin/subscriptions/plans,api_route,verified_local,backend,api-admin,subscriptions-admin,"Admin-only subscription plan catalog endpoint.",apps/api/src/modules/admin/subscriptionPlans/subscriptionPlans.routes.ts,apps/api/src/modules/admin/subscriptionPlans/subscriptionPlans.controller.ts;apps/api/src/modules/admin/subscriptionPlans/subscriptionPlans.service.ts,SOAR-FEATURE-SUBSCRIPTIONS-ADMIN,,SOAR-CONTROLLER-ADMIN-SUBSCRIPTION-PLANS;SOAR-TYPES-ADMIN-SUBSCRIPTION-PLANS;SOAR-SERVICE-ADMIN-SUBSCRIPTION-PLANS,SOAR-SERVICE-WEB-ADMIN-SUBSCRIPTIONS,,SOAR-CONTROLLER-ADMIN-SUBSCRIPTION-PLANS,SOAR-DB-SUBSCRIPTION-PLAN,SOAR-TEST-SUBSCRIPTIONS-ADMIN-API,SOAR-DOC-API-ADMIN,,critical,90,2026-05-24,verified_local,"Typed API route view for Subscriptions/Admin backfill."
SOAR-API-ADMIN-SUBSCRIPTION-PLAN-UPDATE,PUT /admin/subscriptions/plans/:code,api_route,verified_local,backend,api-admin,subscriptions-admin,"Admin-only subscription plan update endpoint with entitlement validation.",apps/api/src/modules/admin/subscriptionPlans/subscriptionPlans.routes.ts,apps/api/src/modules/admin/subscriptionPlans/subscriptionPlans.controller.ts;apps/api/src/modules/admin/subscriptionPlans/subscriptionPlans.service.ts,SOAR-FEATURE-SUBSCRIPTIONS-ADMIN,,SOAR-CONTROLLER-ADMIN-SUBSCRIPTION-PLANS;SOAR-TYPES-ADMIN-SUBSCRIPTION-PLANS;SOAR-SERVICE-ADMIN-SUBSCRIPTION-PLANS,SOAR-SERVICE-WEB-ADMIN-SUBSCRIPTIONS,,SOAR-CONTROLLER-ADMIN-SUBSCRIPTION-PLANS,SOAR-DB-SUBSCRIPTION-PLAN,SOAR-TEST-SUBSCRIPTIONS-ADMIN-API,SOAR-DOC-API-ADMIN,,critical,90,2026-05-24,verified_local,"Typed API route view for Subscriptions/Admin backfill."
SOAR-API-PROFILE-SUBSCRIPTION-GET,GET /dashboard/profile/subscription,api_route,verified_local,backend,api-profile,subscriptions-admin,"Authenticated current subscription read endpoint.",apps/api/src/modules/profile/subscription/subscription.routes.ts,apps/api/src/modules/profile/subscription/subscription.controller.ts;apps/api/src/modules/profile/subscription/subscription.service.ts,SOAR-FEATURE-SUBSCRIPTIONS-ADMIN,,SOAR-CONTROLLER-PROFILE-SUBSCRIPTION;SOAR-SERVICE-PROFILE-SUBSCRIPTION,SOAR-SERVICE-WEB-PROFILE-SUBSCRIPTION,,SOAR-CONTROLLER-PROFILE-SUBSCRIPTION,SOAR-DB-SUBSCRIPTION-PLAN;SOAR-DB-USER-SUBSCRIPTION,SOAR-TEST-SUBSCRIPTIONS-ADMIN-API,SOAR-DOC-API-SUBSCRIPTIONS,,high,90,2026-05-24,verified_local,"Typed API route view for Subscriptions/Admin backfill."
SOAR-API-PROFILE-SUBSCRIPTION-CHECKOUT,POST /dashboard/profile/subscription/checkout-intents,api_route,verified_local,backend,api-profile,subscriptions-admin,"Authenticated subscription checkout intent endpoint.",apps/api/src/modules/profile/subscription/subscription.routes.ts,apps/api/src/modules/profile/subscription/subscription.controller.ts;apps/api/src/modules/subscriptions/payments/paymentCheckout.service.ts,SOAR-FEATURE-SUBSCRIPTIONS-ADMIN,,SOAR-CONTROLLER-PROFILE-SUBSCRIPTION;SOAR-SERVICE-PAYMENT-CHECKOUT,SOAR-SERVICE-WEB-PROFILE-SUBSCRIPTION,,SOAR-CONTROLLER-PROFILE-SUBSCRIPTION,SOAR-DB-SUBSCRIPTION-PLAN;SOAR-DB-USER-SUBSCRIPTION;SOAR-DB-PAYMENT-INTENT,SOAR-TEST-SUBSCRIPTIONS-ADMIN-API,SOAR-DOC-API-SUBSCRIPTIONS,,high,90,2026-05-24,verified_local,"Typed API route view for Subscriptions/Admin backfill."
SOAR-API-BOT-ASSISTANT-CONFIG-GET,GET /dashboard/bots/:id/assistant-config,api_route,verified_local,backend,api-bots,ai-assistant-foundation,"Authenticated bot assistant config read route.",apps/api/src/modules/bots/bots.routes.ts,apps/api/src/modules/bots/bots.controller.ts;apps/api/src/modules/bots/botAssistant.service.ts,SOAR-FEATURE-AI-ASSISTANT-FOUNDATION,,SOAR-CONTROLLER-BOTS;SOAR-SERVICE-BOT-ASSISTANT,SOAR-SERVICE-WEB-BOTS-API,,SOAR-CONTROLLER-BOTS,SOAR-DB-BOT-ASSISTANT-CONFIG;SOAR-DB-BOT-SUBAGENT-CONFIG,SOAR-TEST-AI-ASSISTANT-API,SOAR-DOC-ASSISTANT-RUNTIME,,high,90,2026-05-24,verified_local,"Typed API route view for AI Assistant foundation backfill."
SOAR-API-BOT-ASSISTANT-CONFIG-UPSERT,PUT /dashboard/bots/:id/assistant-config,api_route,verified_local,backend,api-bots,ai-assistant-foundation,"Authenticated bot assistant main config upsert route.",apps/api/src/modules/bots/bots.routes.ts,apps/api/src/modules/bots/bots.controller.ts;apps/api/src/modules/bots/botAssistant.service.ts,SOAR-FEATURE-AI-ASSISTANT-FOUNDATION,,SOAR-CONTROLLER-BOTS;SOAR-TYPES-BOTS;SOAR-SERVICE-BOT-ASSISTANT,SOAR-SERVICE-WEB-BOTS-API,,SOAR-CONTROLLER-BOTS,SOAR-DB-BOT-ASSISTANT-CONFIG,SOAR-TEST-AI-ASSISTANT-API,SOAR-DOC-ASSISTANT-RUNTIME,,high,90,2026-05-24,verified_local,"Typed API route view for AI Assistant foundation backfill."
SOAR-API-BOT-SUBAGENT-UPSERT,PUT /dashboard/bots/:id/assistant-config/subagents/:slotIndex,api_route,verified_local,backend,api-bots,ai-assistant-foundation,"Authenticated bot subagent slot upsert route with slot limits.",apps/api/src/modules/bots/bots.routes.ts,apps/api/src/modules/bots/bots.controller.ts;apps/api/src/modules/bots/botAssistant.service.ts,SOAR-FEATURE-AI-ASSISTANT-FOUNDATION,,SOAR-CONTROLLER-BOTS;SOAR-TYPES-BOTS;SOAR-SERVICE-BOT-ASSISTANT,SOAR-SERVICE-WEB-BOTS-API,,SOAR-CONTROLLER-BOTS,SOAR-DB-BOT-SUBAGENT-CONFIG,SOAR-TEST-AI-ASSISTANT-API,SOAR-DOC-ASSISTANT-RUNTIME,,high,90,2026-05-24,verified_local,"Typed API route view for AI Assistant foundation backfill."
SOAR-API-BOT-SUBAGENT-DELETE,DELETE /dashboard/bots/:id/assistant-config/subagents/:slotIndex,api_route,verified_local,backend,api-bots,ai-assistant-foundation,"Authenticated bot subagent slot delete route.",apps/api/src/modules/bots/bots.routes.ts,apps/api/src/modules/bots/bots.controller.ts;apps/api/src/modules/bots/botAssistant.service.ts,SOAR-FEATURE-AI-ASSISTANT-FOUNDATION,,SOAR-CONTROLLER-BOTS;SOAR-SERVICE-BOT-ASSISTANT,SOAR-SERVICE-WEB-BOTS-API,,SOAR-CONTROLLER-BOTS,SOAR-DB-BOT-SUBAGENT-CONFIG,SOAR-TEST-AI-ASSISTANT-API,SOAR-DOC-ASSISTANT-RUNTIME,,medium,90,2026-05-24,verified_local,"Typed API route view for AI Assistant foundation backfill."
SOAR-API-BOT-ASSISTANT-DRY-RUN,POST /dashboard/bots/:id/assistant-config/dry-run,api_route,verified_local,backend,api-bots,ai-assistant-foundation,"Authenticated assistant dry-run route returning an explainable decision trace without runtime trading authority.",apps/api/src/modules/bots/bots.routes.ts,apps/api/src/modules/bots/bots.controller.ts;apps/api/src/modules/bots/botAssistant.service.ts,SOAR-FEATURE-AI-ASSISTANT-FOUNDATION,,SOAR-CONTROLLER-BOTS;SOAR-TYPES-BOTS;SOAR-SERVICE-BOT-ASSISTANT;SOAR-SERVICE-ASSISTANT-ORCHESTRATOR,SOAR-SERVICE-WEB-BOTS-API,,SOAR-CONTROLLER-BOTS,SOAR-DB-BOT-ASSISTANT-CONFIG;SOAR-DB-BOT-SUBAGENT-CONFIG,SOAR-TEST-AI-ASSISTANT-API;SOAR-TEST-AI-ASSISTANT-ORCHESTRATOR;SOAR-TEST-AI-PROTOCOL-HARNESS,SOAR-DOC-ASSISTANT-RUNTIME;SOAR-DOC-AI-TESTING-PROTOCOL,,critical,90,2026-05-24,verified_local,"Typed API route view for AI Assistant foundation backfill."
SOAR-API-ICON-LOOKUP,GET /dashboard/icons/lookup,api_route,verified_local,backend,api-icons,api-support-routes,"Authenticated rate-limited icon lookup endpoint for coin icon metadata.",apps/api/src/modules/icons/icons.routes.ts,apps/api/src/modules/icons/icons.controller.ts;apps/api/src/modules/icons/icons.service.ts;apps/api/src/modules/icons/icons.types.ts,SOAR-FEATURE-API-SUPPORT-ROUTES,,SOAR-CONTROLLER-ICONS;SOAR-SERVICE-ICONS;SOAR-TYPES-ICONS,SOAR-ROUTER-DASHBOARD,,SOAR-SERVICE-ICONS,,SOAR-TEST-ICONS-API,SOAR-DOC-API-ICONS,,medium,90,2026-05-24,verified_local,"Typed API route view for API support routes backfill."
SOAR-API-MARKET-STREAM-EVENTS,GET /dashboard/market-stream/events,api_route,verified_local,backend,api-market-stream,api-support-routes,"Authenticated SSE market-stream endpoint with bounded symbol subscriptions and heartbeat handling.",apps/api/src/modules/market-stream/marketStream.routes.ts,apps/api/src/modules/market-stream/marketStreamFanout.ts;apps/api/src/modules/market-stream/exchangePollingStream.service.ts,SOAR-FEATURE-API-SUPPORT-ROUTES,,SOAR-SERVICE-MARKET-STREAM-FANOUT;SOAR-SERVICE-MARKET-STREAM,SOAR-ROUTER-DASHBOARD;SOAR-FEATURE-MARKETS,,SOAR-SERVICE-MARKET-STREAM-FANOUT,,SOAR-TEST-MARKET-STREAM-API,SOAR-DOC-API-MARKET-STREAM,,high,90,2026-05-24,verified_local,"Typed API route view for API support routes backfill."
SOAR-API-PROFILE-BASIC-GET,GET /dashboard/profile/basic,api_route,verified_local,backend,api-profile,api-support-routes,"Authenticated profile basic read endpoint.",apps/api/src/modules/profile/basic/basic.routes.ts,apps/api/src/modules/profile/basic/basic.controller.ts;apps/api/src/modules/profile/basic/basic.service.ts;apps/api/src/modules/profile/basic/basic.types.ts,SOAR-FEATURE-API-SUPPORT-ROUTES,,SOAR-CONTROLLER-PROFILE-BASIC;SOAR-SERVICE-PROFILE-BASIC,SOAR-ROUTER-DASHBOARD;SOAR-FEATURE-PROFILE-API-KEYS,,SOAR-SERVICE-PROFILE-BASIC,SOAR-DB-USER,SOAR-TEST-PROFILE-BASIC-API,SOAR-DOC-API-PROFILE,,high,90,2026-05-24,verified_local,"Typed API route view for API support routes backfill."
SOAR-API-PROFILE-BASIC-UPDATE,PATCH /dashboard/profile/basic,api_route,verified_local,backend,api-profile,api-support-routes,"Authenticated profile basic update endpoint.",apps/api/src/modules/profile/basic/basic.routes.ts,apps/api/src/modules/profile/basic/basic.controller.ts;apps/api/src/modules/profile/basic/basic.service.ts;apps/api/src/modules/profile/basic/basic.types.ts,SOAR-FEATURE-API-SUPPORT-ROUTES,,SOAR-CONTROLLER-PROFILE-BASIC;SOAR-TYPES-PROFILE-BASIC;SOAR-SERVICE-PROFILE-BASIC,SOAR-ROUTER-DASHBOARD,,SOAR-SERVICE-PROFILE-BASIC,SOAR-DB-USER,SOAR-TEST-PROFILE-BASIC-API,SOAR-DOC-API-PROFILE,,high,90,2026-05-24,verified_local,"Typed API route view for API support routes backfill."
SOAR-API-PROFILE-BASIC-DELETE,DELETE /dashboard/profile/basic,api_route,verified_local,backend,api-profile,api-support-routes,"Authenticated profile account-delete route exposed by the basic profile module.",apps/api/src/modules/profile/basic/basic.routes.ts,apps/api/src/modules/profile/basic/basic.controller.ts;apps/api/src/modules/profile/basic/basic.service.ts,SOAR-FEATURE-API-SUPPORT-ROUTES,,SOAR-CONTROLLER-PROFILE-BASIC;SOAR-SERVICE-PROFILE-BASIC,SOAR-ROUTER-DASHBOARD,,SOAR-SERVICE-PROFILE-BASIC,SOAR-DB-USER,SOAR-TEST-PROFILE-BASIC-API,SOAR-DOC-API-PROFILE,,critical,90,2026-05-24,verified_local,"Typed API route view for API support routes backfill."
SOAR-API-PROFILE-SECURITY-PASSWORD,PATCH /dashboard/profile/security/password,api_route,verified_local,backend,api-profile,api-support-routes,"Authenticated password-change route with security rate limiting.",apps/api/src/modules/profile/security/security.routes.ts,apps/api/src/modules/profile/security/security.controller.ts;apps/api/src/modules/profile/security/security.service.ts;apps/api/src/modules/profile/security/security.types.ts,SOAR-FEATURE-API-SUPPORT-ROUTES,,SOAR-CONTROLLER-PROFILE-SECURITY;SOAR-TYPES-PROFILE-SECURITY;SOAR-SERVICE-PROFILE-SECURITY,SOAR-ROUTER-DASHBOARD,,SOAR-SERVICE-PROFILE-SECURITY,SOAR-DB-USER,SOAR-TEST-PROFILE-SECURITY-API,SOAR-DOC-API-PROFILE,,critical,90,2026-05-24,verified_local,"Typed API route view for API support routes backfill."
SOAR-API-PROFILE-SECURITY-ACCOUNT,DELETE /dashboard/profile/security/account,api_route,verified_local,backend,api-profile,api-support-routes,"Authenticated account deletion route with session cookie clearing.",apps/api/src/modules/profile/security/security.routes.ts,apps/api/src/modules/profile/security/security.controller.ts;apps/api/src/modules/profile/security/security.service.ts,SOAR-FEATURE-API-SUPPORT-ROUTES,,SOAR-CONTROLLER-PROFILE-SECURITY;SOAR-SERVICE-PROFILE-SECURITY,SOAR-ROUTER-DASHBOARD,,SOAR-SERVICE-PROFILE-SECURITY,SOAR-DB-USER,SOAR-TEST-PROFILE-SECURITY-API,SOAR-DOC-API-PROFILE,,critical,90,2026-05-24,verified_local,"Typed API route view for API support routes backfill."
SOAR-API-UPLOAD-AVATAR,POST /upload/avatar,api_route,verified_local,backend,api-upload,api-support-routes,"Authenticated avatar upload route with size type pixel and processing limits.",apps/api/src/modules/upload/upload.routes.ts,apps/api/src/modules/upload/upload.processing.test.ts,SOAR-FEATURE-API-SUPPORT-ROUTES,,SOAR-SERVICE-UPLOAD-AVATAR-PROCESSING,SOAR-ROUTER-API-ROOT,,SOAR-SERVICE-UPLOAD-AVATAR-PROCESSING,SOAR-DB-USER,SOAR-TEST-UPLOAD-API,SOAR-DOC-API-UPLOAD,,high,90,2026-05-24,verified_local,"Typed API route view for API support routes backfill."
