id,source_node_id,action_source,action_kind,route_or_entrypoint,label_or_selector_hint,feature,module,safety_boundary,page_nodes,ui_nodes,api_routes,function_chains,backend_functions,data_models,tests,docs,evidence,proof_status,gaps,gap_severity,risk_level,last_verified_at,next_validation
SOAR-ACTION-UI-LOGIN-SUBMIT,SOAR-UI-LOGIN-SUBMIT,explicit_ui_element,mutation_submit,apps/web/src/features/auth/components/LoginForm.tsx,Login submit button,auth-session,web-auth,public; mutation,SOAR-PAGE-LOGIN,SOAR-UI-LOGIN-SUBMIT,SOAR-API-AUTH-LOGIN,CHAIN-AUTH-SESSION; CHAIN-AUTH-SESSION-DEEP,SOAR-SERVICE-WEB-AUTH; SOAR-CONTROLLER-AUTH; SOAR-SERVICE-AUTH; SOAR-SERVICE-AUTH-COOKIE; SOAR-SERVICE-AUTH-JWT; SOAR-SERVICE-AUTH-ERRORS; SOAR-SERVICE-AUTH-SESSION-TOKEN,SOAR-DB-USER,SOAR-TEST-AUTH-SESSION; SOAR-TEST-WEB-AUTH-FORMS; SOAR-TEST-WEB-AUTH-HOOKS; SOAR-TEST-WEB-AUTH-CONTEXT; SOAR-TEST-WEB-AUTH-PUBLIC; SOAR-TEST-WEB-AUTH-FORM-TYPES; SOAR-TEST-API-AUTH-SESSION-DEEP; SOAR-TEST-API-AUTH-SERVICE; SOAR-TEST-API-AUTH-COOKIE; SOAR-TEST-API-AUTH-JWT; SOAR-TEST-API-AUTH-ERRORS,SOAR-DOC-WEB-AUTH; SOAR-DOC-TRACEABILITY; SOAR-DOC-API-AUTH; SOAR-DOC-DATA-MODEL,history/evidence/prod-auth-session-browser-proof-84711599-2026-05-14.md; history/tasks/architecture-graph-auth-session-deep-backfill-2026-05-24-task.md; apps/web/src/features/auth/components/LoginForm.tsx,verified_local_only,,none,medium,2026-05-14,Re-run linked tests and journey proof after touching this action path.
SOAR-ACTION-UI-MANUAL-ORDER-SUBMIT,SOAR-UI-MANUAL-ORDER-SUBMIT,explicit_ui_element,mutation_submit,/dashboard,Manual order submit control,manual-order,web-dashboard-home,protected; money_or_exchange; mutation,SOAR-PAGE-DASHBOARD,SOAR-UI-MANUAL-ORDER-SUBMIT,SOAR-API-ORDER-OPEN,CHAIN-MANUAL-ORDER; CHAIN-MANUAL-ORDER-DEEP,SOAR-SERVICE-ORDERS; SOAR-SERVICE-WEB-BOTS-API; SOAR-CONTROLLER-ORDERS; SOAR-SERVICE-MANUAL-CONTEXT; SOAR-SERVICE-ORDER-QUANTITY-RULES; SOAR-SERVICE-PRETRADE; SOAR-SERVICE-EXECUTION-ORCHESTRATOR; SOAR-SERVICE-ORDER-LIFECYCLE; SOAR-SERVICE-ORDER-EXCHANGE-EVENTS,SOAR-DB-ORDER; SOAR-DB-POSITION; SOAR-DB-TRADE; SOAR-DB-ORDER-FILL,SOAR-TEST-MANUAL-ORDER; SOAR-TEST-WEB-MANUAL-ORDER; SOAR-TEST-ORDER-SERVICE; SOAR-TEST-ORDER-POSITIONS-E2E; SOAR-TEST-ORDER-QUANTITY-RULES; SOAR-TEST-ORDER-EXCHANGE-EVENTS; SOAR-TEST-DASHBOARD-RUNTIME; SOAR-TEST-EXCHANGE-ADAPTER; SOAR-TEST-RUNTIME-DCA-PNL; SOAR-SERVICE-ORDER-QUANTITY-RULES,SOAR-DOC-WEB-DASHBOARD-HOME; SOAR-DOC-EXECUTION-LIFECYCLE; SOAR-DOC-API-ORDERS; SOAR-DOC-WEB-ORDERS; SOAR-DOC-EXCHANGE-OWNERSHIP; SOAR-DOC-DATA-MODEL,history/audits/live-exchange-execution-parity-2026-05-23-task.md; apps/web/src/features/dashboard-home/components/HomeLiveWidgets.tsx; apps/web/src/features/dashboard-home/hooks/useManualOrderController.ts,verified_local_only,local_only_without_fresh_browser_or_production_proof; protected_or_money_path_needs_fresh_browser_or_production_proof,high,critical,2026-05-23,Run or add browser/API proof for this action before claiming end-to-end behavior.
SOAR-ACTION-UI-PASSWORD-VISIBILITY-TOGGLE,SOAR-UI-PASSWORD-VISIBILITY-TOGGLE,explicit_ui_element,ui_interaction,apps/web/src/features/auth/components/PasswordVisibilityToggle.tsx,PasswordVisibilityToggle,auth-session,web-auth,read_or_navigation,,SOAR-UI-PASSWORD-VISIBILITY-TOGGLE,,CHAIN-AUTH-SESSION-DEEP,SOAR-SERVICE-WEB-AUTH; SOAR-CONTROLLER-AUTH; SOAR-SERVICE-AUTH; SOAR-SERVICE-AUTH-COOKIE; SOAR-SERVICE-AUTH-JWT; SOAR-SERVICE-AUTH-ERRORS; SOAR-SERVICE-AUTH-SESSION-TOKEN,SOAR-DB-USER,SOAR-TEST-WEB-AUTH-FORMS; SOAR-TEST-WEB-AUTH-HOOKS; SOAR-TEST-WEB-AUTH-CONTEXT; SOAR-TEST-WEB-AUTH-PUBLIC; SOAR-TEST-WEB-AUTH-FORM-TYPES; SOAR-TEST-API-AUTH-SESSION-DEEP; SOAR-TEST-API-AUTH-SERVICE; SOAR-TEST-API-AUTH-COOKIE; SOAR-TEST-API-AUTH-JWT; SOAR-TEST-API-AUTH-ERRORS; SOAR-TEST-AUTH-SESSION,SOAR-DOC-WEB-AUTH; SOAR-DOC-API-AUTH; SOAR-DOC-TRACEABILITY; SOAR-DOC-DATA-MODEL,history/tasks/architecture-graph-auth-session-deep-backfill-2026-05-24-task.md; apps/web/src/features/auth/components/PasswordVisibilityToggle.tsx,verified_local_only,no_page_entrypoint_relation; local_only_without_fresh_browser_or_production_proof,high,medium,2026-05-24,Run or add browser/API proof for this action before claiming end-to-end behavior.
SOAR-ACTION-VISIT-PAGE-ADMIN-ROOT,SOAR-PAGE-ADMIN-ROOT,inferred_route_visit,route_visit,/admin,Admin root redirect,subscriptions-admin,web-admin,protected; read_or_navigation,SOAR-PAGE-ADMIN-ROOT; SOAR-PAGE-ADMIN-SUBSCRIPTIONS,SOAR-COMP-ADMIN-LAYOUT-SHELL,SOAR-API-ADMIN-SUBSCRIPTION-PLANS-LIST,CHAIN-SUBSCRIPTIONS-ADMIN,SOAR-SERVICE-WEB-ADMIN-SUBSCRIPTIONS; SOAR-CONTROLLER-ADMIN-SUBSCRIPTION-PLANS; SOAR-TYPES-ADMIN-SUBSCRIPTION-PLANS; SOAR-SERVICE-ADMIN-SUBSCRIPTION-PLANS; SOAR-SERVICE-WEB-ADMIN-USERS; SOAR-CONTROLLER-ADMIN-USERS; SOAR-TYPES-ADMIN-USERS; SOAR-SERVICE-ADMIN-USERS; SOAR-SERVICE-WEB-PROFILE-SUBSCRIPTION; SOAR-CONTROLLER-PROFILE-SUBSCRIPTION; SOAR-SERVICE-PROFILE-SUBSCRIPTION; SOAR-SERVICE-SUBSCRIPTIONS; SOAR-SERVICE-SUBSCRIPTION-ENTITLEMENTS; SOAR-SERVICE-PAYMENT-CHECKOUT,SOAR-DB-SUBSCRIPTION-PLAN; SOAR-DB-USER-SUBSCRIPTION; SOAR-DB-PAYMENT-INTENT; SOAR-DB-USER,SOAR-TEST-SUBSCRIPTIONS-ADMIN-WEB; SOAR-TEST-SUBSCRIPTIONS-ADMIN-API; SOAR-TEST-SUBSCRIPTIONS-ENTITLEMENTS; SOAR-TEST-AUTH-SESSION; SOAR-TEST-BOT-SETUP-API; SOAR-TEST-BOT-SETUP-WEB,SOAR-DOC-WEB-ADMIN; SOAR-DOC-API-ADMIN; SOAR-DOC-API-SUBSCRIPTIONS; SOAR-DOC-DATA-MODEL; SOAR-DOC-API-BOTS; SOAR-DOC-WEB-BOTS,docs/modules/api-admin.md;docs/modules/api-subscriptions.md;docs/modules/web-admin.md; apps/web/src/app/admin/layout.tsx; apps/web/src/app/admin/page.tsx,verified_local_only,local_only_without_fresh_browser_or_production_proof; protected_or_money_path_needs_fresh_browser_or_production_proof,high,medium,2026-05-24,Run or add browser/API proof for this action before claiming end-to-end behavior.
SOAR-ACTION-VISIT-PAGE-ADMIN-SUBSCRIPTIONS,SOAR-PAGE-ADMIN-SUBSCRIPTIONS,inferred_route_visit,mutation_submit,/admin/subscriptions,Admin subscriptions page,subscriptions-admin,web-admin,protected; mutation,SOAR-PAGE-ADMIN-ROOT; SOAR-PAGE-ADMIN-SUBSCRIPTIONS,SOAR-COMP-ADMIN-SUBSCRIPTIONS-PAGE,SOAR-API-ADMIN-SUBSCRIPTION-PLANS-LIST; SOAR-API-ADMIN-SUBSCRIPTION-PLAN-UPDATE,CHAIN-SUBSCRIPTIONS-ADMIN,SOAR-SERVICE-WEB-ADMIN-SUBSCRIPTIONS; SOAR-CONTROLLER-ADMIN-SUBSCRIPTION-PLANS; SOAR-TYPES-ADMIN-SUBSCRIPTION-PLANS; SOAR-SERVICE-ADMIN-SUBSCRIPTION-PLANS; SOAR-SERVICE-WEB-ADMIN-USERS; SOAR-CONTROLLER-ADMIN-USERS; SOAR-TYPES-ADMIN-USERS; SOAR-SERVICE-ADMIN-USERS; SOAR-SERVICE-WEB-PROFILE-SUBSCRIPTION; SOAR-CONTROLLER-PROFILE-SUBSCRIPTION; SOAR-SERVICE-PROFILE-SUBSCRIPTION; SOAR-SERVICE-SUBSCRIPTIONS; SOAR-SERVICE-SUBSCRIPTION-ENTITLEMENTS; SOAR-SERVICE-PAYMENT-CHECKOUT,SOAR-DB-SUBSCRIPTION-PLAN; SOAR-DB-USER-SUBSCRIPTION; SOAR-DB-PAYMENT-INTENT; SOAR-DB-USER,SOAR-TEST-SUBSCRIPTIONS-ADMIN-WEB; SOAR-TEST-SUBSCRIPTIONS-ADMIN-API; SOAR-TEST-SUBSCRIPTIONS-ENTITLEMENTS; SOAR-TEST-AUTH-SESSION; SOAR-TEST-BOT-SETUP-API; SOAR-TEST-BOT-SETUP-WEB,SOAR-DOC-WEB-ADMIN; SOAR-DOC-API-ADMIN; SOAR-DOC-API-SUBSCRIPTIONS; SOAR-DOC-DATA-MODEL; SOAR-DOC-API-BOTS; SOAR-DOC-WEB-BOTS,docs/modules/api-admin.md;docs/modules/api-subscriptions.md;docs/modules/web-admin.md; apps/web/src/features/admin/subscriptions/pages/AdminSubscriptionsPage.tsx; apps/web/src/app/admin/subscriptions/page.tsx,verified_local_only,local_only_without_fresh_browser_or_production_proof; protected_or_money_path_needs_fresh_browser_or_production_proof,high,critical,2026-05-24,Run or add browser/API proof for this action before claiming end-to-end behavior.
SOAR-ACTION-VISIT-PAGE-ADMIN-USERS,SOAR-PAGE-ADMIN-USERS,inferred_route_visit,mutation_submit,/admin/users,Admin users page,subscriptions-admin,web-admin,protected; mutation,SOAR-PAGE-ADMIN-USERS,SOAR-COMP-ADMIN-USERS-PAGE,SOAR-API-ADMIN-USERS-LIST; SOAR-API-ADMIN-USERS-UPDATE,CHAIN-SUBSCRIPTIONS-ADMIN,SOAR-SERVICE-WEB-ADMIN-SUBSCRIPTIONS; SOAR-CONTROLLER-ADMIN-SUBSCRIPTION-PLANS; SOAR-TYPES-ADMIN-SUBSCRIPTION-PLANS; SOAR-SERVICE-ADMIN-SUBSCRIPTION-PLANS; SOAR-SERVICE-WEB-ADMIN-USERS; SOAR-CONTROLLER-ADMIN-USERS; SOAR-TYPES-ADMIN-USERS; SOAR-SERVICE-ADMIN-USERS; SOAR-SERVICE-WEB-PROFILE-SUBSCRIPTION; SOAR-CONTROLLER-PROFILE-SUBSCRIPTION; SOAR-SERVICE-PROFILE-SUBSCRIPTION; SOAR-SERVICE-SUBSCRIPTIONS; SOAR-SERVICE-SUBSCRIPTION-ENTITLEMENTS; SOAR-SERVICE-PAYMENT-CHECKOUT,SOAR-DB-USER; SOAR-DB-USER-SUBSCRIPTION; SOAR-DB-SUBSCRIPTION-PLAN; SOAR-DB-PAYMENT-INTENT,SOAR-TEST-SUBSCRIPTIONS-ADMIN-WEB; SOAR-TEST-SUBSCRIPTIONS-ADMIN-API; SOAR-TEST-SUBSCRIPTIONS-ENTITLEMENTS; SOAR-TEST-AUTH-SESSION; SOAR-TEST-BOT-SETUP-API; SOAR-TEST-BOT-SETUP-WEB,SOAR-DOC-WEB-ADMIN; SOAR-DOC-API-ADMIN; SOAR-DOC-API-SUBSCRIPTIONS; SOAR-DOC-DATA-MODEL; SOAR-DOC-API-BOTS; SOAR-DOC-WEB-BOTS,docs/modules/api-admin.md;docs/modules/api-subscriptions.md;docs/modules/web-admin.md; apps/web/src/features/admin/users/pages/AdminUsersPage.tsx; apps/web/src/app/admin/users/page.tsx,verified_local_only,local_only_without_fresh_browser_or_production_proof; protected_or_money_path_needs_fresh_browser_or_production_proof,high,critical,2026-05-24,Run or add browser/API proof for this action before claiming end-to-end behavior.
SOAR-ACTION-VISIT-PAGE-BACKTEST-CREATE,SOAR-PAGE-BACKTEST-CREATE,inferred_route_visit,mutation_submit,/dashboard/backtests/create,Backtest create page,backtests,web-backtest,protected; mutation,SOAR-PAGE-BACKTEST-CREATE,SOAR-COMP-BACKTEST-CREATE-FORM,SOAR-API-BACKTEST-RUN-CREATE,CHAIN-BACKTESTS,SOAR-SERVICE-WEB-BACKTESTS; SOAR-SERVICE-BACKTEST-WEB-VIEWMODEL; SOAR-CONTROLLER-BACKTESTS; SOAR-TYPES-BACKTESTS; SOAR-SERVICE-BACKTESTS; SOAR-SERVICE-BACKTEST-RANGE; SOAR-SERVICE-BACKTEST-RUN-JOB; SOAR-SERVICE-BACKTEST-DATA-GATEWAY; SOAR-SERVICE-BACKTEST-REPLAY-CORE; SOAR-SERVICE-BACKTEST-FILL-MODEL; SOAR-SERVICE-BACKTEST-REPORT-LIFECYCLE; SOAR-SERVICE-BACKTEST-STRATEGY-SNAPSHOTS,SOAR-DB-BACKTEST-RUN; SOAR-DB-STRATEGY; SOAR-DB-MARKET-UNIVERSE; SOAR-DB-BACKTEST-TRADE; SOAR-DB-BACKTEST-REPORT,SOAR-TEST-BACKTESTS-WEB; SOAR-TEST-BACKTESTS-API; SOAR-TEST-BACKTEST-REPLAY; SOAR-TEST-STRATEGIES-API; SOAR-TEST-STRATEGY-INDICATORS; SOAR-TEST-STRATEGIES-WEB; SOAR-TEST-STRATEGY-FORM-UTILS; SOAR-TEST-MARKETS-API; SOAR-TEST-MARKETS-WEB; SOAR-TEST-EXCHANGE-ADAPTER; SOAR-TEST-BOT-SETUP-API; SOAR-TEST-REPORTS-API; SOAR-TEST-REPORTS-WEB,SOAR-DOC-WEB-BACKTESTS; SOAR-DOC-API-BACKTESTS; SOAR-DOC-API-STRATEGIES; SOAR-DOC-WEB-STRATEGIES; SOAR-DOC-API-MARKETS; SOAR-DOC-WEB-MARKETS; SOAR-DOC-EXCHANGE-OWNERSHIP; SOAR-DOC-DATA-MODEL; SOAR-DOC-API-REPORTS; SOAR-DOC-WEB-REPORTS,docs/modules/api-backtests.md;docs/modules/web-backtest.md; apps/web/src/features/backtest/components/BacktestCreateForm.tsx; apps/web/src/app/dashboard/backtests/create/page.tsx,verified_local_only,local_only_without_fresh_browser_or_production_proof; protected_or_money_path_needs_fresh_browser_or_production_proof,high,critical,2026-05-24,Run or add browser/API proof for this action before claiming end-to-end behavior.
SOAR-ACTION-VISIT-PAGE-BACKTEST-DETAIL,SOAR-PAGE-BACKTEST-DETAIL,inferred_route_visit,route_visit,/dashboard/backtests/:id,Backtest detail page,backtests,web-backtest,protected; read_or_navigation,SOAR-PAGE-BACKTEST-DETAIL,SOAR-COMP-BACKTEST-RUN-DETAILS,SOAR-API-BACKTEST-RUN-GET; SOAR-API-BACKTEST-RUN-TRADES; SOAR-API-BACKTEST-RUN-REPORT; SOAR-API-BACKTEST-RUN-TIMELINE,CHAIN-BACKTESTS; CHAIN-REPORTS,SOAR-SERVICE-WEB-BACKTESTS; SOAR-SERVICE-BACKTEST-WEB-VIEWMODEL; SOAR-CONTROLLER-BACKTESTS; SOAR-TYPES-BACKTESTS; SOAR-SERVICE-BACKTESTS; SOAR-SERVICE-BACKTEST-RANGE; SOAR-SERVICE-BACKTEST-RUN-JOB; SOAR-SERVICE-BACKTEST-DATA-GATEWAY; SOAR-SERVICE-BACKTEST-REPLAY-CORE; SOAR-SERVICE-BACKTEST-FILL-MODEL; SOAR-SERVICE-BACKTEST-REPORT-LIFECYCLE; SOAR-SERVICE-BACKTEST-STRATEGY-SNAPSHOTS; SOAR-SERVICE-WEB-REPORTS; SOAR-CONTROLLER-REPORTS; SOAR-SERVICE-REPORTS; SOAR-SERVICE-REPORT-MODE-AGGREGATOR,SOAR-DB-BACKTEST-RUN; SOAR-DB-BACKTEST-TRADE; SOAR-DB-BACKTEST-REPORT; SOAR-DB-STRATEGY; SOAR-DB-MARKET-UNIVERSE; SOAR-DB-TRADE; SOAR-DB-BOT,SOAR-TEST-BACKTESTS-WEB; SOAR-TEST-BACKTESTS-API; SOAR-TEST-BACKTEST-REPLAY; SOAR-TEST-REPORTS-API; SOAR-TEST-REPORTS-WEB; SOAR-TEST-STRATEGIES-API; SOAR-TEST-STRATEGY-INDICATORS; SOAR-TEST-STRATEGIES-WEB; SOAR-TEST-STRATEGY-FORM-UTILS; SOAR-TEST-MARKETS-API; SOAR-TEST-MARKETS-WEB; SOAR-TEST-EXCHANGE-ADAPTER; SOAR-TEST-BOT-SETUP-API; SOAR-TEST-MANUAL-ORDER; SOAR-TEST-DASHBOARD-RUNTIME,SOAR-DOC-WEB-BACKTESTS; SOAR-DOC-API-BACKTESTS; SOAR-DOC-API-REPORTS; SOAR-DOC-WEB-REPORTS; SOAR-DOC-API-STRATEGIES; SOAR-DOC-WEB-STRATEGIES; SOAR-DOC-API-MARKETS; SOAR-DOC-WEB-MARKETS; SOAR-DOC-EXCHANGE-OWNERSHIP; SOAR-DOC-DATA-MODEL,docs/modules/api-backtests.md;docs/modules/web-backtest.md; docs/modules/api-reports.md;docs/modules/web-reports.md; apps/web/src/features/backtest/components/BacktestRunDetails.tsx; apps/web/src/app/dashboard/backtests/[id]/page.tsx,verified_local_only,local_only_without_fresh_browser_or_production_proof; protected_or_money_path_needs_fresh_browser_or_production_proof,high,critical,2026-05-24,Run or add browser/API proof for this action before claiming end-to-end behavior.
SOAR-ACTION-VISIT-PAGE-BACKTESTS-LIST,SOAR-PAGE-BACKTESTS-LIST,inferred_route_visit,destructive_submit,/dashboard/backtests/list,Backtests list page,backtests,web-backtest,protected; destructive,SOAR-PAGE-BACKTESTS-LIST,SOAR-COMP-BACKTESTS-LIST-VIEW,SOAR-API-BACKTEST-RUN-LIST; SOAR-API-BACKTEST-RUN-DELETE,CHAIN-BACKTESTS; CHAIN-REPORTS,SOAR-SERVICE-WEB-BACKTESTS; SOAR-SERVICE-BACKTEST-WEB-VIEWMODEL; SOAR-CONTROLLER-BACKTESTS; SOAR-TYPES-BACKTESTS; SOAR-SERVICE-BACKTESTS; SOAR-SERVICE-BACKTEST-RANGE; SOAR-SERVICE-BACKTEST-RUN-JOB; SOAR-SERVICE-BACKTEST-DATA-GATEWAY; SOAR-SERVICE-BACKTEST-REPLAY-CORE; SOAR-SERVICE-BACKTEST-FILL-MODEL; SOAR-SERVICE-BACKTEST-REPORT-LIFECYCLE; SOAR-SERVICE-BACKTEST-STRATEGY-SNAPSHOTS; SOAR-SERVICE-WEB-REPORTS; SOAR-CONTROLLER-REPORTS; SOAR-SERVICE-REPORTS; SOAR-SERVICE-REPORT-MODE-AGGREGATOR,SOAR-DB-BACKTEST-RUN; SOAR-DB-BACKTEST-TRADE; SOAR-DB-BACKTEST-REPORT; SOAR-DB-STRATEGY; SOAR-DB-MARKET-UNIVERSE; SOAR-DB-TRADE; SOAR-DB-BOT,SOAR-TEST-BACKTESTS-WEB; SOAR-TEST-BACKTESTS-API; SOAR-TEST-BACKTEST-REPLAY; SOAR-TEST-REPORTS-API; SOAR-TEST-REPORTS-WEB; SOAR-TEST-STRATEGIES-API; SOAR-TEST-STRATEGY-INDICATORS; SOAR-TEST-STRATEGIES-WEB; SOAR-TEST-STRATEGY-FORM-UTILS; SOAR-TEST-MARKETS-API; SOAR-TEST-MARKETS-WEB; SOAR-TEST-EXCHANGE-ADAPTER; SOAR-TEST-BOT-SETUP-API; SOAR-TEST-MANUAL-ORDER; SOAR-TEST-DASHBOARD-RUNTIME,SOAR-DOC-WEB-BACKTESTS; SOAR-DOC-API-BACKTESTS; SOAR-DOC-API-REPORTS; SOAR-DOC-WEB-REPORTS; SOAR-DOC-API-STRATEGIES; SOAR-DOC-WEB-STRATEGIES; SOAR-DOC-API-MARKETS; SOAR-DOC-WEB-MARKETS; SOAR-DOC-EXCHANGE-OWNERSHIP; SOAR-DOC-DATA-MODEL,docs/modules/api-backtests.md;docs/modules/web-backtest.md; docs/modules/api-reports.md;docs/modules/web-reports.md; apps/web/src/features/backtest/components/BacktestsListView.tsx; apps/web/src/app/dashboard/backtests/list/page.tsx,verified_local_only,local_only_without_fresh_browser_or_production_proof; protected_or_money_path_needs_fresh_browser_or_production_proof,high,high,2026-05-24,Run or add browser/API proof for this action before claiming end-to-end behavior.
SOAR-ACTION-VISIT-PAGE-BOT-ASSISTANT,SOAR-PAGE-BOT-ASSISTANT,inferred_route_visit,route_visit,/dashboard/bots/:id/assistant,Bot assistant page,ai-assistant-foundation,web-bots,protected; read_or_navigation,SOAR-PAGE-BOT-ASSISTANT,SOAR-COMP-BOTS-ASSISTANT-TAB,SOAR-API-BOT-ASSISTANT-CONFIG-GET; SOAR-API-BOT-ASSISTANT-DRY-RUN,CHAIN-AI-ASSISTANT-FOUNDATION,SOAR-SERVICE-WEB-BOTS-API; SOAR-CONTROLLER-BOTS; SOAR-SERVICE-BOT-ASSISTANT; SOAR-SERVICE-ASSISTANT-ORCHESTRATOR,SOAR-DB-BOT-ASSISTANT-CONFIG; SOAR-DB-BOT-SUBAGENT-CONFIG; SOAR-DB-BOT,SOAR-TEST-AI-ASSISTANT-WEB; SOAR-TEST-AI-ASSISTANT-API; SOAR-TEST-AI-ASSISTANT-ORCHESTRATOR; SOAR-TEST-AI-PROTOCOL-HARNESS; SOAR-TEST-BOT-RUNTIME-WEB; SOAR-TEST-WEB-MANUAL-ORDER; SOAR-TEST-BOT-RUNTIME-API; SOAR-TEST-DASHBOARD-RUNTIME; SOAR-DOC-ASSISTANT-RUNTIME,SOAR-DOC-WEB-BOTS; SOAR-DOC-ASSISTANT-RUNTIME; SOAR-DOC-ASSISTANT-RUNTIME-CONTRACT; SOAR-DOC-AI-TESTING-PROTOCOL; SOAR-DOC-AI-INTEGRATION; SOAR-DOC-WEB-ORDERS; SOAR-DOC-API-BOTS; SOAR-DOC-DATA-MODEL; SOAR-AGENT-AI-RED-TEAM,history/tasks/ai-assistant-foundation-protocol-harness-2026-05-23-task.md; apps/web/src/app/dashboard/bots/assistant/page.tsx; apps/web/src/app/dashboard/bots/[id]/assistant/page.tsx,verified_local_only,local_only_without_fresh_browser_or_production_proof; protected_or_money_path_needs_fresh_browser_or_production_proof,high,high,2026-05-24,Run or add browser/API proof for this action before claiming end-to-end behavior.
SOAR-ACTION-VISIT-PAGE-BOT-CREATE,SOAR-PAGE-BOT-CREATE,inferred_route_visit,mutation_submit,/dashboard/bots/create,Bot create page,bot-setup,web-bots,protected; mutation,SOAR-PAGE-BOT-CREATE; SOAR-PAGE-BOT-EDIT; SOAR-PAGE-BOT-NEW-ALIAS,SOAR-COMP-BOT-CREATE-EDIT-FORM,SOAR-API-BOT-CREATE; SOAR-API-WALLET-LIST,CHAIN-WALLETS-CORE; CHAIN-BOT-SETUP,SOAR-SERVICE-WEB-WALLETS; SOAR-CONTROLLER-WALLETS; SOAR-TYPES-WALLETS; SOAR-SERVICE-WALLETS; SOAR-SERVICE-WALLET-LEDGER; SOAR-SERVICE-WALLET-CASHFLOW-CLASSIFIER; SOAR-SERVICE-EXCHANGE-CAPABILITIES; SOAR-SERVICE-EXCHANGE-MARKET-CATALOG; SOAR-SERVICE-EXCHANGE-AUTH-READ; SOAR-SERVICE-EXCHANGE-ADAPTER-BOUNDARY; SOAR-SERVICE-WEB-BOTS-API; SOAR-CONTROLLER-BOTS; SOAR-SERVICE-BOTS; SOAR-SERVICE-BOT-CONTEXT-VALIDATION; SOAR-SERVICE-BOT-ACTIVATION-POLICY; SOAR-SERVICE-BOT-CANONICAL-UPDATE-SCOPE; SOAR-SERVICE-BOT-MARKET-GROUPS,SOAR-DB-BOT; SOAR-DB-WALLET; SOAR-DB-POSITION; SOAR-DB-ORDER; SOAR-DB-API-KEY; SOAR-DB-STRATEGY; SOAR-DB-MARKET-UNIVERSE; SOAR-DB-BOT-MARKET-GROUP; SOAR-DB-MARKET-GROUP-STRATEGY-LINK,SOAR-TEST-BOT-SETUP-WEB; SOAR-TEST-WALLETS-API; SOAR-TEST-WALLET-LEDGER; SOAR-TEST-WALLETS-WEB; SOAR-TEST-BOT-SETUP-API; SOAR-TEST-EXCHANGE-AUTH-READ; SOAR-TEST-EXCHANGE-CAPABILITY-CONTRACTS; SOAR-TEST-EXCHANGE-MARKET-CATALOG; SOAR-TEST-EXCHANGE-ADAPTER-BOUNDARY; SOAR-TEST-MANUAL-ORDER; SOAR-TEST-DASHBOARD-RUNTIME; SOAR-TEST-RUNTIME-DCA-PNL; SOAR-TEST-BOT-RUNTIME-WEB; SOAR-TEST-WEB-MANUAL-ORDER; SOAR-TEST-BOT-RUNTIME-API; SOAR-TEST-PROFILE-API-KEYS-API; SOAR-TEST-PROFILE-API-KEYS-WEB; SOAR-TEST-PROFILE-API-KEY-PROBE,SOAR-DOC-WEB-BOTS; SOAR-DOC-API-WALLETS; SOAR-DOC-WEB-WALLETS; SOAR-DOC-API-BOTS; SOAR-DOC-EXCHANGE-OWNERSHIP; SOAR-DOC-DATA-MODEL; SOAR-DOC-WEB-ORDERS; SOAR-DOC-API-PROFILE; SOAR-DOC-WEB-PROFILE,docs/modules/api-wallets.md;docs/modules/web-wallets.md; docs/modules/api-bots.md;docs/modules/web-bots.md; apps/web/src/app/dashboard/bots/_components/BotFormPageContent.tsx; apps/web/src/app/dashboard/bots/create/page.tsx,verified_local_only,local_only_without_fresh_browser_or_production_proof; protected_or_money_path_needs_fresh_browser_or_production_proof,high,critical,2026-05-24,Run or add browser/API proof for this action before claiming end-to-end behavior.
SOAR-ACTION-VISIT-PAGE-BOT-DETAIL-ALIAS,SOAR-PAGE-BOT-DETAIL-ALIAS,inferred_route_visit,route_visit,/dashboard/bots/:id,Bot detail alias page,bot-setup,web-bots,protected; read_or_navigation,SOAR-PAGE-BOT-EDIT; SOAR-PAGE-BOT-PREVIEW; SOAR-PAGE-BOT-DETAIL-ALIAS,SOAR-COMP-BOTS-MANAGEMENT,SOAR-API-BOT-GET; SOAR-API-BOT-RUNTIME-AGGREGATE,CHAIN-BOT-RUNTIME-CORE; CHAIN-BOT-SETUP; CHAIN-WEB-RUNTIME-SURFACES,SOAR-SERVICE-WEB-BOTS-API; SOAR-CONTROLLER-BOTS; SOAR-SERVICE-RUNTIME-AGGREGATE; SOAR-SERVICE-RUNTIME-SESSIONS; SOAR-SERVICE-RUNTIME-SYMBOL-STATS; SOAR-SERVICE-RUNTIME-POSITIONS-READ; SOAR-SERVICE-RUNTIME-TRADES; SOAR-SERVICE-RUNTIME-POSITION-COMMAND; SOAR-SERVICE-LIVE-POSITION-RECONCILIATION; SOAR-SERVICE-RUNTIME-AUTOMATION; SOAR-SERVICE-BOTS; SOAR-SERVICE-BOT-CONTEXT-VALIDATION; SOAR-SERVICE-BOT-ACTIVATION-POLICY; SOAR-SERVICE-BOT-CANONICAL-UPDATE-SCOPE; SOAR-SERVICE-BOT-MARKET-GROUPS; SOAR-UTIL-RUNTIME-DERIVATIONS; SOAR-UTIL-RUNTIME-UI-HELPERS; SOAR-UTIL-RUNTIME-TRADE-META; SOAR-UTIL-RUNTIME-FORMATTERS; SOAR-UTIL-BOTS-MONITORING-FORMATTERS; SOAR-UTIL-BOTS-MONITORING-LABELS,SOAR-DB-BOT; SOAR-DB-RUNTIME-SESSION; SOAR-DB-POSITION; SOAR-DB-ORDER; SOAR-DB-TRADE; SOAR-DB-WALLET; SOAR-DB-API-KEY; SOAR-DB-STRATEGY; SOAR-DB-MARKET-UNIVERSE; SOAR-DB-BOT-MARKET-GROUP; SOAR-DB-MARKET-GROUP-STRATEGY-LINK,SOAR-TEST-WEB-RESIDUAL-SURFACES; SOAR-TEST-BOT-RUNTIME-API; SOAR-TEST-BOT-RUNTIME-WEB; SOAR-TEST-BOT-SETUP-API; SOAR-TEST-BOT-SETUP-WEB; SOAR-TEST-WEB-RUNTIME-SURFACES; SOAR-TEST-DASHBOARD-RUNTIME-HELPERS; SOAR-TEST-DASHBOARD-RUNTIME-SIGNALS; SOAR-TEST-BOTS-MONITORING-FUTURE-SIGNALS; SOAR-TEST-BOTS-PORTFOLIO-HISTORY-WEB; SOAR-TEST-WEB-MANUAL-ORDER; SOAR-TEST-DASHBOARD-RUNTIME; SOAR-TEST-POSITIONS-RECONCILIATION; SOAR-TEST-RUNTIME-DCA-PNL; SOAR-TEST-EXCHANGE-ADAPTER; SOAR-TEST-MANUAL-ORDER; SOAR-TEST-WALLETS-API; SOAR-TEST-WALLETS-WEB; SOAR-TEST-WALLET-LEDGER; SOAR-TEST-PROFILE-API-KEYS-API; SOAR-TEST-PROFILE-API-KEYS-WEB; SOAR-TEST-PROFILE-API-KEY-PROBE,SOAR-DOC-WEB-BOTS; SOAR-DOC-API-BOTS; SOAR-DOC-WEB-DASHBOARD-HOME; SOAR-DOC-WEB-ORDERS; SOAR-DOC-LIVE-POSITION-RESTART; SOAR-DOC-API-POSITIONS; SOAR-DOC-POSITION-PNL-LIFECYCLE; SOAR-DOC-EXCHANGE-OWNERSHIP; SOAR-DOC-DATA-MODEL; SOAR-DOC-API-WALLETS; SOAR-DOC-WEB-WALLETS; SOAR-DOC-API-PROFILE; SOAR-DOC-WEB-PROFILE,history/audits/bots-runtime-truth-audit-2026-05-19.md; docs/modules/api-bots.md;docs/modules/web-bots.md; history/tasks/architecture-graph-web-runtime-surfaces-backfill-2026-05-24-task.md; apps/web/src/app/dashboard/bots/[id]/page.test.tsx; apps/web/src/app/dashboard/bots/[id]/page.tsx,verified_local_only,local_only_without_fresh_browser_or_production_proof; protected_or_money_path_needs_fresh_browser_or_production_proof,high,high,2026-05-24,Run or add browser/API proof for this action before claiming end-to-end behavior.
SOAR-ACTION-VISIT-PAGE-BOT-EDIT,SOAR-PAGE-BOT-EDIT,inferred_route_visit,mutation_submit,/dashboard/bots/:id/edit,Bot edit page,bot-setup,web-bots,protected; mutation,SOAR-PAGE-BOT-CREATE; SOAR-PAGE-BOT-EDIT; SOAR-PAGE-BOT-PREVIEW; SOAR-PAGE-BOT-DETAIL-ALIAS,SOAR-COMP-BOT-CREATE-EDIT-FORM,SOAR-API-BOT-GET; SOAR-API-BOT-UPDATE; SOAR-API-BOT-RUNTIME-GRAPH,CHAIN-BOT-SETUP,SOAR-SERVICE-WEB-BOTS-API; SOAR-CONTROLLER-BOTS; SOAR-SERVICE-BOTS; SOAR-SERVICE-BOT-CONTEXT-VALIDATION; SOAR-SERVICE-BOT-ACTIVATION-POLICY; SOAR-SERVICE-BOT-CANONICAL-UPDATE-SCOPE; SOAR-SERVICE-BOT-MARKET-GROUPS,SOAR-DB-BOT; SOAR-DB-BOT-MARKET-GROUP; SOAR-DB-WALLET; SOAR-DB-API-KEY; SOAR-DB-STRATEGY; SOAR-DB-MARKET-UNIVERSE; SOAR-DB-MARKET-GROUP-STRATEGY-LINK,SOAR-TEST-BOT-SETUP-WEB; SOAR-TEST-BOT-SETUP-API; SOAR-TEST-BOT-RUNTIME-WEB; SOAR-TEST-WEB-MANUAL-ORDER; SOAR-TEST-BOT-RUNTIME-API; SOAR-TEST-WALLETS-API; SOAR-TEST-WALLETS-WEB; SOAR-TEST-WALLET-LEDGER; SOAR-TEST-PROFILE-API-KEYS-API; SOAR-TEST-PROFILE-API-KEYS-WEB; SOAR-TEST-PROFILE-API-KEY-PROBE; SOAR-TEST-DASHBOARD-RUNTIME; SOAR-TEST-MANUAL-ORDER,SOAR-DOC-WEB-BOTS; SOAR-DOC-API-BOTS; SOAR-DOC-WEB-ORDERS; SOAR-DOC-API-WALLETS; SOAR-DOC-WEB-WALLETS; SOAR-DOC-API-PROFILE; SOAR-DOC-WEB-PROFILE; SOAR-DOC-DATA-MODEL,docs/modules/api-bots.md;docs/modules/web-bots.md; apps/web/src/app/dashboard/bots/_components/BotFormPageContent.tsx; apps/web/src/app/dashboard/bots/[id]/edit/page.tsx,verified_local_only,local_only_without_fresh_browser_or_production_proof; protected_or_money_path_needs_fresh_browser_or_production_proof,high,critical,2026-05-24,Run or add browser/API proof for this action before claiming end-to-end behavior.
SOAR-ACTION-VISIT-PAGE-BOT-NEW-ALIAS,SOAR-PAGE-BOT-NEW-ALIAS,inferred_route_visit,mutation_submit,/dashboard/bots/new,Bot new alias page,bot-setup,web-bots,protected; mutation,SOAR-PAGE-BOT-CREATE; SOAR-PAGE-BOT-NEW-ALIAS,SOAR-COMP-BOT-CREATE-EDIT-FORM,SOAR-API-BOT-CREATE; SOAR-API-WALLET-LIST,CHAIN-WALLETS-CORE; CHAIN-BOT-SETUP,SOAR-SERVICE-WEB-WALLETS; SOAR-CONTROLLER-WALLETS; SOAR-TYPES-WALLETS; SOAR-SERVICE-WALLETS; SOAR-SERVICE-WALLET-LEDGER; SOAR-SERVICE-WALLET-CASHFLOW-CLASSIFIER; SOAR-SERVICE-EXCHANGE-CAPABILITIES; SOAR-SERVICE-EXCHANGE-MARKET-CATALOG; SOAR-SERVICE-EXCHANGE-AUTH-READ; SOAR-SERVICE-EXCHANGE-ADAPTER-BOUNDARY; SOAR-SERVICE-WEB-BOTS-API; SOAR-CONTROLLER-BOTS; SOAR-SERVICE-BOTS; SOAR-SERVICE-BOT-CONTEXT-VALIDATION; SOAR-SERVICE-BOT-ACTIVATION-POLICY; SOAR-SERVICE-BOT-CANONICAL-UPDATE-SCOPE; SOAR-SERVICE-BOT-MARKET-GROUPS,SOAR-DB-BOT; SOAR-DB-WALLET; SOAR-DB-POSITION; SOAR-DB-ORDER; SOAR-DB-API-KEY; SOAR-DB-STRATEGY; SOAR-DB-MARKET-UNIVERSE; SOAR-DB-BOT-MARKET-GROUP; SOAR-DB-MARKET-GROUP-STRATEGY-LINK,SOAR-TEST-WEB-RESIDUAL-SURFACES; SOAR-TEST-WALLETS-API; SOAR-TEST-WALLET-LEDGER; SOAR-TEST-WALLETS-WEB; SOAR-TEST-BOT-SETUP-API; SOAR-TEST-BOT-SETUP-WEB; SOAR-TEST-EXCHANGE-AUTH-READ; SOAR-TEST-EXCHANGE-CAPABILITY-CONTRACTS; SOAR-TEST-EXCHANGE-MARKET-CATALOG; SOAR-TEST-EXCHANGE-ADAPTER-BOUNDARY; SOAR-TEST-MANUAL-ORDER; SOAR-TEST-DASHBOARD-RUNTIME; SOAR-TEST-RUNTIME-DCA-PNL; SOAR-TEST-BOT-RUNTIME-WEB; SOAR-TEST-WEB-MANUAL-ORDER; SOAR-TEST-BOT-RUNTIME-API; SOAR-TEST-PROFILE-API-KEYS-API; SOAR-TEST-PROFILE-API-KEYS-WEB; SOAR-TEST-PROFILE-API-KEY-PROBE,SOAR-DOC-WEB-BOTS; SOAR-DOC-API-WALLETS; SOAR-DOC-WEB-WALLETS; SOAR-DOC-API-BOTS; SOAR-DOC-EXCHANGE-OWNERSHIP; SOAR-DOC-DATA-MODEL; SOAR-DOC-WEB-ORDERS; SOAR-DOC-API-PROFILE; SOAR-DOC-WEB-PROFILE,docs/modules/api-wallets.md;docs/modules/web-wallets.md; docs/modules/api-bots.md;docs/modules/web-bots.md; apps/web/src/app/dashboard/bots/new/page.test.tsx; apps/web/src/app/dashboard/bots/new/page.tsx,verified_local_only,local_only_without_fresh_browser_or_production_proof; protected_or_money_path_needs_fresh_browser_or_production_proof,high,high,2026-05-24,Run or add browser/API proof for this action before claiming end-to-end behavior.
SOAR-ACTION-VISIT-PAGE-BOT-PREVIEW,SOAR-PAGE-BOT-PREVIEW,inferred_route_visit,route_visit,/dashboard/bots/:id/preview,Bot preview page,bot-setup,web-bots,protected; read_or_navigation,SOAR-PAGE-BOT-EDIT; SOAR-PAGE-BOT-PREVIEW; SOAR-PAGE-BOT-DETAIL-ALIAS,SOAR-COMP-BOTS-MANAGEMENT,SOAR-API-BOT-GET; SOAR-API-BOT-RUNTIME-AGGREGATE,CHAIN-BOT-RUNTIME-CORE; CHAIN-BOT-SETUP; CHAIN-WEB-RUNTIME-SURFACES,SOAR-SERVICE-WEB-BOTS-API; SOAR-CONTROLLER-BOTS; SOAR-SERVICE-RUNTIME-AGGREGATE; SOAR-SERVICE-RUNTIME-SESSIONS; SOAR-SERVICE-RUNTIME-SYMBOL-STATS; SOAR-SERVICE-RUNTIME-POSITIONS-READ; SOAR-SERVICE-RUNTIME-TRADES; SOAR-SERVICE-RUNTIME-POSITION-COMMAND; SOAR-SERVICE-LIVE-POSITION-RECONCILIATION; SOAR-SERVICE-RUNTIME-AUTOMATION; SOAR-SERVICE-BOTS; SOAR-SERVICE-BOT-CONTEXT-VALIDATION; SOAR-SERVICE-BOT-ACTIVATION-POLICY; SOAR-SERVICE-BOT-CANONICAL-UPDATE-SCOPE; SOAR-SERVICE-BOT-MARKET-GROUPS; SOAR-UTIL-RUNTIME-DERIVATIONS; SOAR-UTIL-RUNTIME-UI-HELPERS; SOAR-UTIL-RUNTIME-TRADE-META; SOAR-UTIL-RUNTIME-FORMATTERS; SOAR-UTIL-BOTS-MONITORING-FORMATTERS; SOAR-UTIL-BOTS-MONITORING-LABELS,SOAR-DB-BOT; SOAR-DB-RUNTIME-SESSION; SOAR-DB-POSITION; SOAR-DB-ORDER; SOAR-DB-TRADE; SOAR-DB-WALLET; SOAR-DB-API-KEY; SOAR-DB-STRATEGY; SOAR-DB-MARKET-UNIVERSE; SOAR-DB-BOT-MARKET-GROUP; SOAR-DB-MARKET-GROUP-STRATEGY-LINK,SOAR-TEST-BOT-SETUP-WEB; SOAR-TEST-BOT-RUNTIME-WEB; SOAR-TEST-BOT-RUNTIME-API; SOAR-TEST-BOT-SETUP-API; SOAR-TEST-WEB-RUNTIME-SURFACES; SOAR-TEST-DASHBOARD-RUNTIME-HELPERS; SOAR-TEST-DASHBOARD-RUNTIME-SIGNALS; SOAR-TEST-BOTS-MONITORING-FUTURE-SIGNALS; SOAR-TEST-BOTS-PORTFOLIO-HISTORY-WEB; SOAR-TEST-WEB-MANUAL-ORDER; SOAR-TEST-DASHBOARD-RUNTIME; SOAR-TEST-POSITIONS-RECONCILIATION; SOAR-TEST-RUNTIME-DCA-PNL; SOAR-TEST-EXCHANGE-ADAPTER; SOAR-TEST-MANUAL-ORDER; SOAR-TEST-WALLETS-API; SOAR-TEST-WALLETS-WEB; SOAR-TEST-WALLET-LEDGER; SOAR-TEST-PROFILE-API-KEYS-API; SOAR-TEST-PROFILE-API-KEYS-WEB; SOAR-TEST-PROFILE-API-KEY-PROBE,SOAR-DOC-WEB-BOTS; SOAR-DOC-API-BOTS; SOAR-DOC-WEB-DASHBOARD-HOME; SOAR-DOC-WEB-ORDERS; SOAR-DOC-LIVE-POSITION-RESTART; SOAR-DOC-API-POSITIONS; SOAR-DOC-POSITION-PNL-LIFECYCLE; SOAR-DOC-EXCHANGE-OWNERSHIP; SOAR-DOC-DATA-MODEL; SOAR-DOC-API-WALLETS; SOAR-DOC-WEB-WALLETS; SOAR-DOC-API-PROFILE; SOAR-DOC-WEB-PROFILE,history/audits/bots-runtime-truth-audit-2026-05-19.md; docs/modules/api-bots.md;docs/modules/web-bots.md; history/tasks/architecture-graph-web-runtime-surfaces-backfill-2026-05-24-task.md; apps/web/src/features/bots/components/BotsManagement.tsx; apps/web/src/app/dashboard/bots/[id]/preview/page.tsx,verified_local_only,local_only_without_fresh_browser_or_production_proof; protected_or_money_path_needs_fresh_browser_or_production_proof,high,high,2026-05-24,Run or add browser/API proof for this action before claiming end-to-end behavior.
SOAR-ACTION-VISIT-PAGE-BOT-RUNTIME,SOAR-PAGE-BOT-RUNTIME,inferred_route_visit,route_visit,/dashboard/bots/:id/runtime,Bot Runtime page,bot-runtime,web-bots,protected; read_or_navigation,SOAR-PAGE-DASHBOARD; SOAR-PAGE-POSITIONS-LEGACY; SOAR-PAGE-BOT-RUNTIME,SOAR-COMP-BOTS-MANAGEMENT,SOAR-API-BOT-RUNTIME-AGGREGATE; SOAR-API-BOT-RUNTIME-POSITIONS,CHAIN-DASHBOARD-RUNTIME; CHAIN-BOT-RUNTIME-CORE; CHAIN-WEB-RUNTIME-SURFACES,SOAR-SERVICE-WEB-BOTS-API; SOAR-CONTROLLER-BOTS; SOAR-SERVICE-RUNTIME-AGGREGATE; SOAR-SERVICE-RUNTIME-SESSIONS; SOAR-SERVICE-RUNTIME-SYMBOL-STATS; SOAR-SERVICE-RUNTIME-POSITIONS-READ; SOAR-SERVICE-RUNTIME-TRADES; SOAR-SERVICE-RUNTIME-POSITION-COMMAND; SOAR-SERVICE-LIVE-POSITION-RECONCILIATION; SOAR-SERVICE-RUNTIME-AUTOMATION; SOAR-UTIL-RUNTIME-DERIVATIONS; SOAR-UTIL-RUNTIME-UI-HELPERS; SOAR-UTIL-RUNTIME-TRADE-META; SOAR-UTIL-RUNTIME-FORMATTERS; SOAR-UTIL-BOTS-MONITORING-FORMATTERS; SOAR-UTIL-BOTS-MONITORING-LABELS,SOAR-DB-RUNTIME-SESSION; SOAR-DB-POSITION; SOAR-DB-ORDER; SOAR-DB-TRADE; SOAR-DB-BOT,SOAR-TEST-BOT-RUNTIME-WEB; SOAR-TEST-DASHBOARD-RUNTIME; SOAR-TEST-BOT-RUNTIME-API; SOAR-TEST-WEB-RUNTIME-SURFACES; SOAR-TEST-DASHBOARD-RUNTIME-HELPERS; SOAR-TEST-DASHBOARD-RUNTIME-SIGNALS; SOAR-TEST-BOTS-MONITORING-FUTURE-SIGNALS; SOAR-TEST-BOTS-PORTFOLIO-HISTORY-WEB; SOAR-TEST-RUNTIME-DCA-PNL; SOAR-TEST-MANUAL-ORDER; SOAR-TEST-WEB-MANUAL-ORDER; SOAR-TEST-POSITIONS-RECONCILIATION; SOAR-TEST-EXCHANGE-ADAPTER,SOAR-DOC-WEB-BOTS; SOAR-DOC-TRACEABILITY; SOAR-DOC-WEB-DASHBOARD-HOME; SOAR-DOC-API-BOTS; SOAR-DOC-DATA-MODEL; SOAR-DOC-WEB-ORDERS; SOAR-DOC-LIVE-POSITION-RESTART; SOAR-DOC-API-POSITIONS; SOAR-DOC-POSITION-PNL-LIFECYCLE; SOAR-DOC-EXCHANGE-OWNERSHIP,apps/web/src/features/dashboard-home/components/HomeLiveWidgets.runtime-table-audit.test.tsx; history/audits/bots-runtime-truth-audit-2026-05-19.md; history/tasks/architecture-graph-web-runtime-surfaces-backfill-2026-05-24-task.md; apps/web/src/app/dashboard/bots/runtime/page.tsx;apps/web/src/app/dashboard/bots/[id]/runtime/page.test.tsx; apps/web/src/app/dashboard/bots/[id]/runtime/page.tsx,partially_verified,local_only_without_fresh_browser_or_production_proof; protected_or_money_path_needs_fresh_browser_or_production_proof,high,high,2026-05-21,Run or add browser/API proof for this action before claiming end-to-end behavior.
SOAR-ACTION-VISIT-PAGE-BOTS-LIST,SOAR-PAGE-BOTS-LIST,inferred_route_visit,destructive_submit,/dashboard/bots,Bots list page,bot-setup,web-bots,protected; destructive,SOAR-PAGE-BOTS-LIST,SOAR-COMP-BOTS-LIST-TABLE,SOAR-API-BOT-LIST; SOAR-API-BOT-DELETE,CHAIN-BOT-SETUP,SOAR-SERVICE-WEB-BOTS-API; SOAR-CONTROLLER-BOTS; SOAR-SERVICE-BOTS; SOAR-SERVICE-BOT-CONTEXT-VALIDATION; SOAR-SERVICE-BOT-ACTIVATION-POLICY; SOAR-SERVICE-BOT-CANONICAL-UPDATE-SCOPE; SOAR-SERVICE-BOT-MARKET-GROUPS,SOAR-DB-BOT; SOAR-DB-WALLET; SOAR-DB-API-KEY; SOAR-DB-STRATEGY; SOAR-DB-MARKET-UNIVERSE; SOAR-DB-BOT-MARKET-GROUP; SOAR-DB-MARKET-GROUP-STRATEGY-LINK,SOAR-TEST-BOT-SETUP-WEB; SOAR-TEST-BOT-SETUP-API; SOAR-TEST-BOT-RUNTIME-WEB; SOAR-TEST-WEB-MANUAL-ORDER; SOAR-TEST-BOT-RUNTIME-API; SOAR-TEST-WALLETS-API; SOAR-TEST-WALLETS-WEB; SOAR-TEST-WALLET-LEDGER; SOAR-TEST-PROFILE-API-KEYS-API; SOAR-TEST-PROFILE-API-KEYS-WEB; SOAR-TEST-PROFILE-API-KEY-PROBE; SOAR-TEST-DASHBOARD-RUNTIME; SOAR-TEST-MANUAL-ORDER,SOAR-DOC-WEB-BOTS; SOAR-DOC-API-BOTS; SOAR-DOC-WEB-ORDERS; SOAR-DOC-API-WALLETS; SOAR-DOC-WEB-WALLETS; SOAR-DOC-API-PROFILE; SOAR-DOC-WEB-PROFILE; SOAR-DOC-DATA-MODEL,docs/modules/api-bots.md;docs/modules/web-bots.md; apps/web/src/features/bots/components/BotsListTable.tsx; apps/web/src/app/dashboard/bots/page.tsx,verified_local_only,local_only_without_fresh_browser_or_production_proof; protected_or_money_path_needs_fresh_browser_or_production_proof,high,high,2026-05-24,Run or add browser/API proof for this action before claiming end-to-end behavior.
SOAR-ACTION-VISIT-PAGE-DASHBOARD,SOAR-PAGE-DASHBOARD,inferred_route_visit,route_visit,/dashboard,Dashboard page,dashboard-runtime,web-dashboard-home,protected; read_or_navigation,SOAR-PAGE-DASHBOARD; SOAR-PAGE-POSITIONS-LEGACY; SOAR-PAGE-BOT-RUNTIME,SOAR-COMP-HOME-LIVE-WIDGETS,SOAR-API-BOT-RUNTIME-POSITIONS,CHAIN-DASHBOARD-RUNTIME; CHAIN-POSITIONS-CORE; CHAIN-BOT-RUNTIME-CORE; CHAIN-WEB-RUNTIME-SURFACES,SOAR-WEB-POSITIONS-SERVICE; SOAR-CONTROLLER-POSITIONS; SOAR-SERVICE-POSITIONS; SOAR-SERVICE-POSITION-SNAPSHOT-NORMALIZATION; SOAR-SERVICE-LIVE-POSITION-RECONCILIATION; SOAR-SERVICE-RUNTIME-AUTOMATION; SOAR-SERVICE-WEB-BOTS-API; SOAR-CONTROLLER-BOTS; SOAR-SERVICE-RUNTIME-AGGREGATE; SOAR-SERVICE-RUNTIME-SESSIONS; SOAR-SERVICE-RUNTIME-SYMBOL-STATS; SOAR-SERVICE-RUNTIME-POSITIONS-READ; SOAR-SERVICE-RUNTIME-TRADES; SOAR-SERVICE-RUNTIME-POSITION-COMMAND; SOAR-UTIL-RUNTIME-DERIVATIONS; SOAR-UTIL-RUNTIME-UI-HELPERS; SOAR-UTIL-RUNTIME-TRADE-META; SOAR-UTIL-RUNTIME-FORMATTERS; SOAR-UTIL-BOTS-MONITORING-FORMATTERS; SOAR-UTIL-BOTS-MONITORING-LABELS,SOAR-DB-RUNTIME-SESSION; SOAR-DB-POSITION; SOAR-DB-ORDER; SOAR-DB-TRADE; SOAR-DB-BOT,SOAR-TEST-DASHBOARD-RUNTIME; SOAR-TEST-WEB-POSITIONS; SOAR-TEST-POSITIONS-SERVICE; SOAR-TEST-POSITIONS-SNAPSHOT; SOAR-TEST-POSITIONS-RECONCILIATION; SOAR-TEST-POSITIONS-TAKEOVER-ORPHAN; SOAR-TEST-BOT-RUNTIME-API; SOAR-TEST-BOT-RUNTIME-WEB; SOAR-TEST-WEB-RUNTIME-SURFACES; SOAR-TEST-DASHBOARD-RUNTIME-HELPERS; SOAR-TEST-DASHBOARD-RUNTIME-SIGNALS; SOAR-TEST-BOTS-MONITORING-FUTURE-SIGNALS; SOAR-TEST-BOTS-PORTFOLIO-HISTORY-WEB; SOAR-TEST-RUNTIME-DCA-PNL; SOAR-TEST-MANUAL-ORDER; SOAR-TEST-WEB-MANUAL-ORDER; SOAR-TEST-EXCHANGE-ADAPTER,SOAR-DOC-WEB-DASHBOARD-HOME; SOAR-DOC-TRACEABILITY; SOAR-DOC-API-BOTS; SOAR-DOC-WEB-POSITIONS; SOAR-DOC-API-POSITIONS; SOAR-DOC-LIVE-POSITION-RESTART; SOAR-DOC-DASHBOARD-ROUTE-MAP; SOAR-DOC-WEB-BOTS; SOAR-DOC-DATA-MODEL; SOAR-DOC-EXCHANGE-OWNERSHIP; SOAR-DOC-POSITION-PNL-LIFECYCLE; SOAR-DOC-WEB-ORDERS,apps/web/src/features/dashboard-home/components/HomeLiveWidgets.runtime-table-audit.test.tsx; history/evidence/v1-positions-local-proof-task-2026-05-11.md; history/audits/bots-runtime-truth-audit-2026-05-19.md; history/tasks/architecture-graph-web-runtime-surfaces-backfill-2026-05-24-task.md; apps/web/src/features/dashboard-home/components/HomeLiveWidgets.tsx; apps/web/src/app/dashboard/page.tsx,partially_verified,partial_registry_status; protected_or_money_path_needs_fresh_browser_or_production_proof,high,high,2026-05-23,Run or add browser/API proof for this action before claiming end-to-end behavior.
SOAR-ACTION-VISIT-PAGE-LOGIN,SOAR-PAGE-LOGIN,inferred_route_visit,route_visit,apps/web/src/features/auth/components/LoginForm.tsx,Login page,auth-session,web-auth,public; read_or_navigation,SOAR-PAGE-LOGIN; SOAR-PAGE-PUBLIC-HOME,SOAR-COMP-LOGIN-FORM,SOAR-API-AUTH-LOGIN,CHAIN-AUTH-SESSION; CHAIN-AUTH-SESSION-DEEP,SOAR-SERVICE-WEB-AUTH; SOAR-CONTROLLER-AUTH; SOAR-SERVICE-AUTH; SOAR-SERVICE-AUTH-COOKIE; SOAR-SERVICE-AUTH-JWT; SOAR-SERVICE-AUTH-ERRORS; SOAR-SERVICE-AUTH-SESSION-TOKEN,SOAR-DB-USER,SOAR-TEST-AUTH-SESSION; SOAR-TEST-WEB-AUTH-FORMS; SOAR-TEST-WEB-AUTH-HOOKS; SOAR-TEST-WEB-AUTH-CONTEXT; SOAR-TEST-WEB-AUTH-PUBLIC; SOAR-TEST-WEB-AUTH-FORM-TYPES; SOAR-TEST-API-AUTH-SESSION-DEEP; SOAR-TEST-API-AUTH-SERVICE; SOAR-TEST-API-AUTH-COOKIE; SOAR-TEST-API-AUTH-JWT; SOAR-TEST-API-AUTH-ERRORS,SOAR-DOC-WEB-AUTH; SOAR-DOC-TRACEABILITY; SOAR-DOC-API-AUTH; SOAR-DOC-DATA-MODEL,history/evidence/prod-auth-session-browser-proof-84711599-2026-05-14.md; history/tasks/architecture-graph-auth-session-deep-backfill-2026-05-24-task.md; apps/web/src/app/(public)/auth/login/page.tsx; apps/web/src/features/auth/components/LoginForm.tsx,verified_local_only,,none,medium,2026-05-14,Re-run linked tests and journey proof after touching this action path.
SOAR-ACTION-VISIT-PAGE-LOGS,SOAR-PAGE-LOGS,inferred_route_visit,route_visit,/dashboard/logs,Logs dashboard page,logs-audit,web-logs,protected; read_or_navigation,SOAR-PAGE-LOGS,SOAR-COMP-AUDIT-TRAIL-VIEW,SOAR-API-LOGS-LIST,CHAIN-LOGS-AUDIT,SOAR-SERVICE-WEB-LOGS; SOAR-CONTROLLER-LOGS; SOAR-TYPES-LOGS; SOAR-SERVICE-LOGS,SOAR-DB-LOG,SOAR-TEST-LOGS-WEB; SOAR-TEST-LOGS-API; SOAR-TEST-PROFILE-API-KEYS-API; SOAR-TEST-PROFILE-API-KEYS-WEB; SOAR-TEST-PROFILE-API-KEY-PROBE; SOAR-TEST-BOT-SETUP-API; SOAR-TEST-BOT-SETUP-WEB,SOAR-DOC-WEB-LOGS; SOAR-DOC-API-LOGS; SOAR-DOC-API-PROFILE; SOAR-DOC-WEB-PROFILE; SOAR-DOC-API-BOTS; SOAR-DOC-WEB-BOTS; SOAR-DOC-DATA-MODEL,docs/modules/api-logs.md;docs/modules/web-logs.md; apps/web/src/features/logs/components/AuditTrailView.tsx; apps/web/src/app/dashboard/logs/page.tsx,verified_local_only,local_only_without_fresh_browser_or_production_proof; protected_or_money_path_needs_fresh_browser_or_production_proof,high,high,2026-05-24,Run or add browser/API proof for this action before claiming end-to-end behavior.
SOAR-ACTION-VISIT-PAGE-MARKET-CREATE,SOAR-PAGE-MARKET-CREATE,inferred_route_visit,mutation_submit,/dashboard/markets/create,Market universe create page,markets,web-markets,protected; mutation,SOAR-PAGE-MARKET-CREATE; SOAR-PAGE-MARKET-EDIT,SOAR-COMP-MARKET-UNIVERSE-FORM,SOAR-API-MARKET-CATALOG; SOAR-API-MARKET-UNIVERSE-CREATE,CHAIN-MARKETS,SOAR-SERVICE-WEB-MARKETS; SOAR-SERVICE-MARKET-UNIVERSE-HELPERS; SOAR-CONTROLLER-MARKETS; SOAR-TYPES-MARKETS; SOAR-SERVICE-MARKETS; SOAR-SERVICE-MARKET-CATALOG-SYMBOL-RESOLVER; SOAR-SERVICE-EXCHANGE-MARKET-CATALOG,SOAR-DB-MARKET-UNIVERSE; SOAR-DB-SYMBOL-GROUP; SOAR-DB-BOT; SOAR-DB-BOT-MARKET-GROUP,SOAR-TEST-MARKETS-WEB; SOAR-TEST-MARKETS-API; SOAR-TEST-EXCHANGE-MARKET-CATALOG; SOAR-TEST-BOT-SETUP-API; SOAR-TEST-DASHBOARD-RUNTIME; SOAR-TEST-BOT-SETUP-WEB; SOAR-TEST-BOT-RUNTIME-API; SOAR-TEST-BOT-RUNTIME-WEB,SOAR-DOC-WEB-MARKETS; SOAR-DOC-API-MARKETS; SOAR-DOC-EXCHANGE-OWNERSHIP; SOAR-DOC-DATA-MODEL; SOAR-DOC-API-BOTS; SOAR-DOC-WEB-BOTS,docs/modules/api-markets.md;docs/modules/web-markets.md; apps/web/src/features/markets/components/MarketUniverseForm.tsx; apps/web/src/app/dashboard/markets/create/page.tsx,verified_local_only,local_only_without_fresh_browser_or_production_proof; protected_or_money_path_needs_fresh_browser_or_production_proof,high,critical,2026-05-24,Run or add browser/API proof for this action before claiming end-to-end behavior.
SOAR-ACTION-VISIT-PAGE-MARKET-EDIT,SOAR-PAGE-MARKET-EDIT,inferred_route_visit,mutation_submit,/dashboard/markets/:id/edit,Market universe edit page,markets,web-markets,protected; mutation,SOAR-PAGE-MARKET-CREATE; SOAR-PAGE-MARKET-EDIT,SOAR-COMP-MARKET-UNIVERSE-FORM,SOAR-API-MARKET-UNIVERSE-GET; SOAR-API-MARKET-CATALOG; SOAR-API-MARKET-UNIVERSE-UPDATE,CHAIN-MARKETS,SOAR-SERVICE-WEB-MARKETS; SOAR-SERVICE-MARKET-UNIVERSE-HELPERS; SOAR-CONTROLLER-MARKETS; SOAR-TYPES-MARKETS; SOAR-SERVICE-MARKETS; SOAR-SERVICE-MARKET-CATALOG-SYMBOL-RESOLVER; SOAR-SERVICE-EXCHANGE-MARKET-CATALOG,SOAR-DB-MARKET-UNIVERSE; SOAR-DB-SYMBOL-GROUP; SOAR-DB-BOT; SOAR-DB-BOT-MARKET-GROUP,SOAR-TEST-MARKETS-WEB; SOAR-TEST-MARKETS-API; SOAR-TEST-EXCHANGE-MARKET-CATALOG; SOAR-TEST-BOT-SETUP-API; SOAR-TEST-DASHBOARD-RUNTIME; SOAR-TEST-BOT-SETUP-WEB; SOAR-TEST-BOT-RUNTIME-API; SOAR-TEST-BOT-RUNTIME-WEB,SOAR-DOC-WEB-MARKETS; SOAR-DOC-API-MARKETS; SOAR-DOC-EXCHANGE-OWNERSHIP; SOAR-DOC-DATA-MODEL; SOAR-DOC-API-BOTS; SOAR-DOC-WEB-BOTS,docs/modules/api-markets.md;docs/modules/web-markets.md; apps/web/src/features/markets/components/MarketUniverseForm.tsx; apps/web/src/app/dashboard/markets/[id]/edit/page.tsx,verified_local_only,local_only_without_fresh_browser_or_production_proof; protected_or_money_path_needs_fresh_browser_or_production_proof,high,critical,2026-05-24,Run or add browser/API proof for this action before claiming end-to-end behavior.
SOAR-ACTION-VISIT-PAGE-MARKETS-LIST,SOAR-PAGE-MARKETS-LIST,inferred_route_visit,destructive_submit,/dashboard/markets/list,Markets list page,markets,web-markets,protected; destructive,SOAR-PAGE-MARKETS-LIST,SOAR-COMP-MARKET-UNIVERSES-TABLE,SOAR-API-MARKET-UNIVERSE-LIST; SOAR-API-MARKET-UNIVERSE-DELETE,CHAIN-MARKETS,SOAR-SERVICE-WEB-MARKETS; SOAR-SERVICE-MARKET-UNIVERSE-HELPERS; SOAR-CONTROLLER-MARKETS; SOAR-TYPES-MARKETS; SOAR-SERVICE-MARKETS; SOAR-SERVICE-MARKET-CATALOG-SYMBOL-RESOLVER; SOAR-SERVICE-EXCHANGE-MARKET-CATALOG,SOAR-DB-MARKET-UNIVERSE; SOAR-DB-SYMBOL-GROUP; SOAR-DB-BOT; SOAR-DB-BOT-MARKET-GROUP,SOAR-TEST-MARKETS-WEB; SOAR-TEST-MARKETS-API; SOAR-TEST-EXCHANGE-MARKET-CATALOG; SOAR-TEST-BOT-SETUP-API; SOAR-TEST-DASHBOARD-RUNTIME; SOAR-TEST-BOT-SETUP-WEB; SOAR-TEST-BOT-RUNTIME-API; SOAR-TEST-BOT-RUNTIME-WEB,SOAR-DOC-WEB-MARKETS; SOAR-DOC-API-MARKETS; SOAR-DOC-EXCHANGE-OWNERSHIP; SOAR-DOC-DATA-MODEL; SOAR-DOC-API-BOTS; SOAR-DOC-WEB-BOTS,docs/modules/api-markets.md;docs/modules/web-markets.md; apps/web/src/features/markets/components/MarketUniversesTable.tsx; apps/web/src/app/dashboard/markets/list/page.tsx,verified_local_only,local_only_without_fresh_browser_or_production_proof; protected_or_money_path_needs_fresh_browser_or_production_proof,high,high,2026-05-24,Run or add browser/API proof for this action before claiming end-to-end behavior.
SOAR-ACTION-VISIT-PAGE-OFFLINE,SOAR-PAGE-OFFLINE,inferred_route_visit,route_visit,/offline,Offline page,web-residual-surfaces,web-shell,read_or_navigation,SOAR-PAGE-OFFLINE,,,,,,SOAR-TEST-WEB-RESIDUAL-SURFACES,SOAR-DOC-WEB-SHARED,apps/web/src/app/offline/page.test.tsx; apps/web/src/app/offline/page.tsx,verified_local_only,local_only_without_fresh_browser_or_production_proof,high,medium,2026-05-24,Run or add browser/API proof for this action before claiming end-to-end behavior.
SOAR-ACTION-VISIT-PAGE-POSITIONS-LEGACY,SOAR-PAGE-POSITIONS-LEGACY,inferred_route_visit,route_visit,apps/web/src/middleware.ts,Legacy /dashboard/positions route,positions,web-positions,protected; read_or_navigation,SOAR-PAGE-DASHBOARD; SOAR-PAGE-POSITIONS-LEGACY; SOAR-PAGE-BOT-RUNTIME,SOAR-COMP-RUNTIME-DATA-SECTION,,CHAIN-POSITIONS-CORE,SOAR-WEB-POSITIONS-SERVICE; SOAR-CONTROLLER-POSITIONS; SOAR-SERVICE-POSITIONS; SOAR-SERVICE-POSITION-SNAPSHOT-NORMALIZATION; SOAR-SERVICE-LIVE-POSITION-RECONCILIATION; SOAR-SERVICE-RUNTIME-AUTOMATION,SOAR-DB-POSITION; SOAR-DB-ORDER; SOAR-DB-TRADE,SOAR-TEST-WEB-POSITIONS; SOAR-TEST-POSITIONS-SERVICE; SOAR-TEST-POSITIONS-SNAPSHOT; SOAR-TEST-POSITIONS-RECONCILIATION; SOAR-TEST-POSITIONS-TAKEOVER-ORPHAN; SOAR-TEST-DASHBOARD-RUNTIME; SOAR-TEST-WEB-MANUAL-ORDER; SOAR-TEST-EXCHANGE-ADAPTER; SOAR-TEST-RUNTIME-DCA-PNL; SOAR-TEST-MANUAL-ORDER,SOAR-DOC-WEB-POSITIONS; SOAR-DOC-API-POSITIONS; SOAR-DOC-LIVE-POSITION-RESTART; SOAR-DOC-DASHBOARD-ROUTE-MAP; SOAR-DOC-WEB-DASHBOARD-HOME; SOAR-DOC-EXCHANGE-OWNERSHIP; SOAR-DOC-POSITION-PNL-LIFECYCLE; SOAR-DOC-DATA-MODEL,history/evidence/v1-positions-local-proof-task-2026-05-11.md; apps/web/src/app/dashboard/bots/runtime/page.tsx;apps/web/src/middleware.test.ts; apps/web/src/middleware.ts,verified_local_only,local_only_without_fresh_browser_or_production_proof; protected_or_money_path_needs_fresh_browser_or_production_proof,high,medium,2026-05-12,Run or add browser/API proof for this action before claiming end-to-end behavior.
SOAR-ACTION-VISIT-PAGE-PROFILE,SOAR-PAGE-PROFILE,inferred_route_visit,mutation_submit,/dashboard/profile,Profile page,profile-api-keys,web-profile,protected; mutation,SOAR-PAGE-PROFILE,SOAR-COMP-API-KEYS-LIST; SOAR-COMP-API-KEY-FORM,SOAR-API-PROFILE-APIKEY-LIST; SOAR-API-PROFILE-APIKEY-CREATE; SOAR-API-PROFILE-APIKEY-TEST,CHAIN-PROFILE-API-KEYS,SOAR-SERVICE-WEB-API-KEYS; SOAR-CONTROLLER-PROFILE-API-KEYS; SOAR-TYPES-PROFILE-API-KEYS; SOAR-SERVICE-PROFILE-API-KEYS; SOAR-SERVICE-PROFILE-API-KEY-PROBE; SOAR-SERVICE-EXCHANGE-API-KEY-PROBE-CLIENT; SOAR-SERVICE-EXCHANGE-CAPABILITIES,SOAR-DB-API-KEY; SOAR-DB-LOG; SOAR-DB-USER,SOAR-TEST-PROFILE-API-KEYS-WEB; SOAR-TEST-PROFILE-API-KEYS-API; SOAR-TEST-PROFILE-API-KEY-PROBE; SOAR-TEST-EXCHANGE-API-KEY-PROBE; SOAR-TEST-EXCHANGE-CAPABILITY-CONTRACTS; SOAR-TEST-EXCHANGE-ADAPTER; SOAR-TEST-AUTH-SESSION; SOAR-TEST-WALLETS-API; SOAR-TEST-WALLETS-WEB; SOAR-TEST-WALLET-LEDGER; SOAR-TEST-EXCHANGE-AUTH-READ; SOAR-TEST-BOT-RUNTIME-API; SOAR-TEST-BOT-RUNTIME-WEB,SOAR-DOC-WEB-PROFILE; SOAR-DOC-API-PROFILE; SOAR-DOC-EXCHANGE-OWNERSHIP; SOAR-DOC-DATA-MODEL; SOAR-DOC-API-WALLETS; SOAR-DOC-WEB-WALLETS; SOAR-DOC-API-BOTS; SOAR-DOC-WEB-BOTS,docs/modules/api-profile.md;docs/modules/web-profile.md; apps/web/src/features/profile/pages/ProfilePage.tsx; apps/web/src/app/dashboard/profile/page.tsx,verified_local_only,local_only_without_fresh_browser_or_production_proof; protected_or_money_path_needs_fresh_browser_or_production_proof,high,high,2026-05-24,Run or add browser/API proof for this action before claiming end-to-end behavior.
SOAR-ACTION-VISIT-PAGE-PUBLIC-HOME,SOAR-PAGE-PUBLIC-HOME,inferred_route_visit,route_visit,/,Public landing page,auth-session,web-public,public; read_or_navigation,SOAR-PAGE-PUBLIC-HOME,SOAR-PAGE-LOGIN; SOAR-PAGE-REGISTER,,CHAIN-AUTH-SESSION-DEEP,SOAR-SERVICE-WEB-AUTH; SOAR-CONTROLLER-AUTH; SOAR-SERVICE-AUTH; SOAR-SERVICE-AUTH-COOKIE; SOAR-SERVICE-AUTH-JWT; SOAR-SERVICE-AUTH-ERRORS; SOAR-SERVICE-AUTH-SESSION-TOKEN,SOAR-DB-USER,SOAR-TEST-WEB-AUTH-PUBLIC; SOAR-TEST-WEB-AUTH-FORMS; SOAR-TEST-WEB-AUTH-HOOKS; SOAR-TEST-WEB-AUTH-CONTEXT; SOAR-TEST-WEB-AUTH-FORM-TYPES; SOAR-TEST-API-AUTH-SESSION-DEEP; SOAR-TEST-API-AUTH-SERVICE; SOAR-TEST-API-AUTH-COOKIE; SOAR-TEST-API-AUTH-JWT; SOAR-TEST-API-AUTH-ERRORS; SOAR-TEST-AUTH-SESSION,SOAR-DOC-WEB-AUTH; SOAR-DOC-API-AUTH; SOAR-DOC-TRACEABILITY; SOAR-DOC-DATA-MODEL,history/tasks/architecture-graph-auth-session-deep-backfill-2026-05-24-task.md; apps/web/src/app/(public)/page.tsx,verified_local_only,local_only_without_fresh_browser_or_production_proof,high,medium,2026-05-24,Run or add browser/API proof for this action before claiming end-to-end behavior.
SOAR-ACTION-VISIT-PAGE-REGISTER,SOAR-PAGE-REGISTER,inferred_route_visit,route_visit,/auth/register,Register page,auth-session,web-auth,public; read_or_navigation,SOAR-PAGE-REGISTER; SOAR-PAGE-PUBLIC-HOME,SOAR-COMP-REGISTER-FORM,SOAR-API-AUTH-REGISTER,CHAIN-AUTH-SESSION-DEEP,SOAR-SERVICE-WEB-AUTH; SOAR-CONTROLLER-AUTH; SOAR-SERVICE-AUTH; SOAR-SERVICE-AUTH-COOKIE; SOAR-SERVICE-AUTH-JWT; SOAR-SERVICE-AUTH-ERRORS; SOAR-SERVICE-AUTH-SESSION-TOKEN,SOAR-DB-USER,SOAR-TEST-WEB-AUTH-FORMS; SOAR-TEST-WEB-AUTH-HOOKS; SOAR-TEST-WEB-AUTH-CONTEXT; SOAR-TEST-WEB-AUTH-PUBLIC; SOAR-TEST-WEB-AUTH-FORM-TYPES; SOAR-TEST-API-AUTH-SESSION-DEEP; SOAR-TEST-API-AUTH-SERVICE; SOAR-TEST-API-AUTH-COOKIE; SOAR-TEST-API-AUTH-JWT; SOAR-TEST-API-AUTH-ERRORS; SOAR-TEST-AUTH-SESSION,SOAR-DOC-WEB-AUTH; SOAR-DOC-API-AUTH; SOAR-DOC-TRACEABILITY; SOAR-DOC-DATA-MODEL,history/tasks/architecture-graph-auth-session-deep-backfill-2026-05-24-task.md; apps/web/src/features/auth/pages/RegisterPage.tsx; apps/web/src/app/(public)/auth/register/page.tsx,verified_local_only,local_only_without_fresh_browser_or_production_proof,high,high,2026-05-24,Run or add browser/API proof for this action before claiming end-to-end behavior.
SOAR-ACTION-VISIT-PAGE-REPORTS,SOAR-PAGE-REPORTS,inferred_route_visit,route_visit,/dashboard/reports,Reports dashboard page,reports,web-reports,protected; read_or_navigation,SOAR-PAGE-REPORTS,SOAR-COMP-PERFORMANCE-REPORTS-VIEW,SOAR-API-REPORTS-CROSS-MODE-PERFORMANCE; SOAR-API-BACKTEST-RUN-LIST; SOAR-API-BACKTEST-RUN-REPORT,CHAIN-BACKTESTS; CHAIN-REPORTS,SOAR-SERVICE-WEB-BACKTESTS; SOAR-SERVICE-BACKTEST-WEB-VIEWMODEL; SOAR-CONTROLLER-BACKTESTS; SOAR-TYPES-BACKTESTS; SOAR-SERVICE-BACKTESTS; SOAR-SERVICE-BACKTEST-RANGE; SOAR-SERVICE-BACKTEST-RUN-JOB; SOAR-SERVICE-BACKTEST-DATA-GATEWAY; SOAR-SERVICE-BACKTEST-REPLAY-CORE; SOAR-SERVICE-BACKTEST-FILL-MODEL; SOAR-SERVICE-BACKTEST-REPORT-LIFECYCLE; SOAR-SERVICE-BACKTEST-STRATEGY-SNAPSHOTS; SOAR-SERVICE-WEB-REPORTS; SOAR-CONTROLLER-REPORTS; SOAR-SERVICE-REPORTS; SOAR-SERVICE-REPORT-MODE-AGGREGATOR,SOAR-DB-BACKTEST-REPORT; SOAR-DB-TRADE; SOAR-DB-BACKTEST-RUN; SOAR-DB-BACKTEST-TRADE; SOAR-DB-STRATEGY; SOAR-DB-MARKET-UNIVERSE; SOAR-DB-BOT,SOAR-TEST-REPORTS-WEB; SOAR-TEST-BACKTESTS-API; SOAR-TEST-BACKTEST-REPLAY; SOAR-TEST-BACKTESTS-WEB; SOAR-TEST-REPORTS-API; SOAR-TEST-STRATEGIES-API; SOAR-TEST-STRATEGY-INDICATORS; SOAR-TEST-STRATEGIES-WEB; SOAR-TEST-STRATEGY-FORM-UTILS; SOAR-TEST-MARKETS-API; SOAR-TEST-MARKETS-WEB; SOAR-TEST-EXCHANGE-ADAPTER; SOAR-TEST-BOT-SETUP-API; SOAR-TEST-MANUAL-ORDER; SOAR-TEST-DASHBOARD-RUNTIME,SOAR-DOC-WEB-REPORTS; SOAR-DOC-API-BACKTESTS; SOAR-DOC-WEB-BACKTESTS; SOAR-DOC-API-REPORTS; SOAR-DOC-API-STRATEGIES; SOAR-DOC-WEB-STRATEGIES; SOAR-DOC-API-MARKETS; SOAR-DOC-WEB-MARKETS; SOAR-DOC-EXCHANGE-OWNERSHIP; SOAR-DOC-DATA-MODEL,docs/modules/api-backtests.md;docs/modules/web-backtest.md; docs/modules/api-reports.md;docs/modules/web-reports.md; apps/web/src/features/reports/components/PerformanceReportsView.tsx; apps/web/src/app/dashboard/reports/page.tsx,verified_local_only,local_only_without_fresh_browser_or_production_proof; protected_or_money_path_needs_fresh_browser_or_production_proof,high,high,2026-05-24,Run or add browser/API proof for this action before claiming end-to-end behavior.
SOAR-ACTION-VISIT-PAGE-STRATEGIES-LIST,SOAR-PAGE-STRATEGIES-LIST,inferred_route_visit,destructive_submit,/dashboard/strategies/list,Strategies list page,strategies,web-strategies,protected; destructive,SOAR-PAGE-STRATEGIES-LIST,SOAR-COMP-STRATEGIES-LIST,SOAR-API-STRATEGY-LIST; SOAR-API-STRATEGY-DELETE; SOAR-API-STRATEGY-IMPORT; SOAR-API-STRATEGY-EXPORT,CHAIN-STRATEGIES,SOAR-SERVICE-WEB-STRATEGIES; SOAR-SERVICE-STRATEGY-FORM-MAPPER; SOAR-SERVICE-STRATEGY-PRESETS; SOAR-CONTROLLER-STRATEGIES; SOAR-TYPES-STRATEGIES; SOAR-SERVICE-STRATEGIES; SOAR-SERVICE-STRATEGY-CONFIG-VALIDATION; SOAR-SERVICE-STRATEGY-INDICATORS,SOAR-DB-STRATEGY; SOAR-DB-BOT; SOAR-DB-MARKET-GROUP-STRATEGY-LINK,SOAR-TEST-STRATEGIES-WEB; SOAR-TEST-STRATEGIES-API; SOAR-TEST-STRATEGY-INDICATORS; SOAR-TEST-STRATEGY-FORM-UTILS; SOAR-TEST-BOT-SETUP-API; SOAR-TEST-DASHBOARD-RUNTIME; SOAR-TEST-BOT-SETUP-WEB; SOAR-TEST-BOT-RUNTIME-API; SOAR-TEST-BOT-RUNTIME-WEB,SOAR-DOC-WEB-STRATEGIES; SOAR-DOC-API-STRATEGIES; SOAR-DOC-DATA-MODEL; SOAR-DOC-API-BOTS; SOAR-DOC-WEB-BOTS,docs/modules/api-strategies.md;docs/modules/web-strategies.md; apps/web/src/features/strategies/components/StrategiesList.tsx; apps/web/src/app/dashboard/strategies/list/page.tsx,verified_local_only,local_only_without_fresh_browser_or_production_proof; protected_or_money_path_needs_fresh_browser_or_production_proof,high,high,2026-05-24,Run or add browser/API proof for this action before claiming end-to-end behavior.
SOAR-ACTION-VISIT-PAGE-STRATEGY-CREATE,SOAR-PAGE-STRATEGY-CREATE,inferred_route_visit,mutation_submit,/dashboard/strategies/create,Strategy create page,strategies,web-strategies,protected; mutation,SOAR-PAGE-STRATEGY-CREATE; SOAR-PAGE-STRATEGY-EDIT,SOAR-COMP-STRATEGY-FORM,SOAR-API-STRATEGY-CREATE; SOAR-API-STRATEGY-INDICATORS,CHAIN-STRATEGIES,SOAR-SERVICE-WEB-STRATEGIES; SOAR-SERVICE-STRATEGY-FORM-MAPPER; SOAR-SERVICE-STRATEGY-PRESETS; SOAR-CONTROLLER-STRATEGIES; SOAR-TYPES-STRATEGIES; SOAR-SERVICE-STRATEGIES; SOAR-SERVICE-STRATEGY-CONFIG-VALIDATION; SOAR-SERVICE-STRATEGY-INDICATORS,SOAR-DB-STRATEGY; SOAR-DB-BOT; SOAR-DB-MARKET-GROUP-STRATEGY-LINK,SOAR-TEST-STRATEGIES-WEB; SOAR-TEST-STRATEGY-FORM-UTILS; SOAR-TEST-STRATEGIES-API; SOAR-TEST-STRATEGY-INDICATORS; SOAR-TEST-BOT-SETUP-API; SOAR-TEST-DASHBOARD-RUNTIME; SOAR-TEST-BOT-SETUP-WEB; SOAR-TEST-BOT-RUNTIME-API; SOAR-TEST-BOT-RUNTIME-WEB,SOAR-DOC-WEB-STRATEGIES; SOAR-DOC-API-STRATEGIES; SOAR-DOC-DATA-MODEL; SOAR-DOC-API-BOTS; SOAR-DOC-WEB-BOTS,docs/modules/api-strategies.md;docs/modules/web-strategies.md; apps/web/src/features/strategies/components/StrategyForm.tsx; apps/web/src/app/dashboard/strategies/create/page.tsx,verified_local_only,local_only_without_fresh_browser_or_production_proof; protected_or_money_path_needs_fresh_browser_or_production_proof,high,critical,2026-05-24,Run or add browser/API proof for this action before claiming end-to-end behavior.
SOAR-ACTION-VISIT-PAGE-STRATEGY-EDIT,SOAR-PAGE-STRATEGY-EDIT,inferred_route_visit,mutation_submit,/dashboard/strategies/:id/edit,Strategy edit page,strategies,web-strategies,protected; mutation,SOAR-PAGE-STRATEGY-CREATE; SOAR-PAGE-STRATEGY-EDIT; SOAR-PAGE-STRATEGY-ID-ROOT,SOAR-COMP-STRATEGY-FORM,SOAR-API-STRATEGY-GET; SOAR-API-STRATEGY-UPDATE; SOAR-API-STRATEGY-INDICATORS,CHAIN-STRATEGIES,SOAR-SERVICE-WEB-STRATEGIES; SOAR-SERVICE-STRATEGY-FORM-MAPPER; SOAR-SERVICE-STRATEGY-PRESETS; SOAR-CONTROLLER-STRATEGIES; SOAR-TYPES-STRATEGIES; SOAR-SERVICE-STRATEGIES; SOAR-SERVICE-STRATEGY-CONFIG-VALIDATION; SOAR-SERVICE-STRATEGY-INDICATORS,SOAR-DB-STRATEGY; SOAR-DB-BOT; SOAR-DB-MARKET-GROUP-STRATEGY-LINK,SOAR-TEST-STRATEGIES-WEB; SOAR-TEST-STRATEGY-FORM-UTILS; SOAR-TEST-STRATEGIES-API; SOAR-TEST-STRATEGY-INDICATORS; SOAR-TEST-BOT-SETUP-API; SOAR-TEST-DASHBOARD-RUNTIME; SOAR-TEST-BOT-SETUP-WEB; SOAR-TEST-BOT-RUNTIME-API; SOAR-TEST-BOT-RUNTIME-WEB,SOAR-DOC-WEB-STRATEGIES; SOAR-DOC-API-STRATEGIES; SOAR-DOC-DATA-MODEL; SOAR-DOC-API-BOTS; SOAR-DOC-WEB-BOTS,docs/modules/api-strategies.md;docs/modules/web-strategies.md; apps/web/src/features/strategies/components/StrategyForm.tsx; apps/web/src/app/dashboard/strategies/[id]/edit/page.tsx,verified_local_only,local_only_without_fresh_browser_or_production_proof; protected_or_money_path_needs_fresh_browser_or_production_proof,high,critical,2026-05-24,Run or add browser/API proof for this action before claiming end-to-end behavior.
SOAR-ACTION-VISIT-PAGE-STRATEGY-ID-ROOT,SOAR-PAGE-STRATEGY-ID-ROOT,inferred_route_visit,route_visit,/dashboard/strategies/:id,Strategy detail redirect,strategies,web-strategies,protected; read_or_navigation,SOAR-PAGE-STRATEGY-EDIT; SOAR-PAGE-STRATEGY-ID-ROOT,SOAR-PAGE-STRATEGY-EDIT,SOAR-API-STRATEGY-GET,CHAIN-STRATEGIES,SOAR-SERVICE-WEB-STRATEGIES; SOAR-SERVICE-STRATEGY-FORM-MAPPER; SOAR-SERVICE-STRATEGY-PRESETS; SOAR-CONTROLLER-STRATEGIES; SOAR-TYPES-STRATEGIES; SOAR-SERVICE-STRATEGIES; SOAR-SERVICE-STRATEGY-CONFIG-VALIDATION; SOAR-SERVICE-STRATEGY-INDICATORS,SOAR-DB-STRATEGY; SOAR-DB-BOT; SOAR-DB-MARKET-GROUP-STRATEGY-LINK,SOAR-TEST-STRATEGIES-WEB; SOAR-TEST-STRATEGIES-API; SOAR-TEST-STRATEGY-INDICATORS; SOAR-TEST-STRATEGY-FORM-UTILS; SOAR-TEST-BOT-SETUP-API; SOAR-TEST-DASHBOARD-RUNTIME; SOAR-TEST-BOT-SETUP-WEB; SOAR-TEST-BOT-RUNTIME-API; SOAR-TEST-BOT-RUNTIME-WEB,SOAR-DOC-WEB-STRATEGIES; SOAR-DOC-API-STRATEGIES; SOAR-DOC-DATA-MODEL; SOAR-DOC-API-BOTS; SOAR-DOC-WEB-BOTS,docs/modules/api-strategies.md;docs/modules/web-strategies.md; apps/web/src/app/dashboard/strategies/[id]/edit/page.tsx; apps/web/src/app/dashboard/strategies/[id]/page.tsx,verified_local_only,local_only_without_fresh_browser_or_production_proof; protected_or_money_path_needs_fresh_browser_or_production_proof,high,medium,2026-05-24,Run or add browser/API proof for this action before claiming end-to-end behavior.
SOAR-ACTION-VISIT-PAGE-WALLET-CREATE,SOAR-PAGE-WALLET-CREATE,inferred_route_visit,mutation_submit,/dashboard/wallets/create,Wallet create page,wallets,web-wallets,protected; mutation,SOAR-PAGE-WALLET-CREATE; SOAR-PAGE-WALLET-EDIT,SOAR-COMP-WALLET-CREATE-EDIT-FORM,SOAR-API-WALLET-METADATA; SOAR-API-WALLET-CREATE; SOAR-API-WALLET-PREVIEW-BALANCE,CHAIN-WALLETS-CORE; CHAIN-PROFILE-API-KEYS,SOAR-SERVICE-WEB-WALLETS; SOAR-CONTROLLER-WALLETS; SOAR-TYPES-WALLETS; SOAR-SERVICE-WALLETS; SOAR-SERVICE-WALLET-LEDGER; SOAR-SERVICE-WALLET-CASHFLOW-CLASSIFIER; SOAR-SERVICE-EXCHANGE-CAPABILITIES; SOAR-SERVICE-EXCHANGE-MARKET-CATALOG; SOAR-SERVICE-EXCHANGE-AUTH-READ; SOAR-SERVICE-EXCHANGE-ADAPTER-BOUNDARY; SOAR-SERVICE-WEB-API-KEYS; SOAR-CONTROLLER-PROFILE-API-KEYS; SOAR-TYPES-PROFILE-API-KEYS; SOAR-SERVICE-PROFILE-API-KEYS; SOAR-SERVICE-PROFILE-API-KEY-PROBE; SOAR-SERVICE-EXCHANGE-API-KEY-PROBE-CLIENT,SOAR-DB-WALLET; SOAR-DB-BOT; SOAR-DB-POSITION; SOAR-DB-ORDER; SOAR-DB-API-KEY; SOAR-DB-LOG; SOAR-DB-USER,SOAR-TEST-WALLETS-WEB; SOAR-TEST-WALLETS-API; SOAR-TEST-WALLET-LEDGER; SOAR-TEST-PROFILE-API-KEYS-API; SOAR-TEST-PROFILE-API-KEY-PROBE; SOAR-TEST-PROFILE-API-KEYS-WEB; SOAR-TEST-EXCHANGE-AUTH-READ; SOAR-TEST-EXCHANGE-CAPABILITY-CONTRACTS; SOAR-TEST-EXCHANGE-MARKET-CATALOG; SOAR-TEST-EXCHANGE-ADAPTER-BOUNDARY; SOAR-TEST-MANUAL-ORDER; SOAR-TEST-DASHBOARD-RUNTIME; SOAR-TEST-RUNTIME-DCA-PNL; SOAR-TEST-EXCHANGE-API-KEY-PROBE; SOAR-TEST-EXCHANGE-ADAPTER; SOAR-TEST-AUTH-SESSION; SOAR-TEST-BOT-RUNTIME-API; SOAR-TEST-BOT-RUNTIME-WEB,SOAR-DOC-WEB-WALLETS; SOAR-DOC-API-WALLETS; SOAR-DOC-API-PROFILE; SOAR-DOC-WEB-PROFILE; SOAR-DOC-EXCHANGE-OWNERSHIP; SOAR-DOC-DATA-MODEL; SOAR-DOC-API-BOTS; SOAR-DOC-WEB-BOTS,docs/modules/api-wallets.md;docs/modules/web-wallets.md; docs/modules/api-profile.md;docs/modules/web-profile.md; apps/web/src/app/dashboard/wallets/_components/WalletFormPageContent.tsx; apps/web/src/app/dashboard/wallets/create/page.tsx,verified_local_only,local_only_without_fresh_browser_or_production_proof; protected_or_money_path_needs_fresh_browser_or_production_proof,high,high,2026-05-24,Run or add browser/API proof for this action before claiming end-to-end behavior.
SOAR-ACTION-VISIT-PAGE-WALLET-EDIT,SOAR-PAGE-WALLET-EDIT,inferred_route_visit,destructive_submit,/dashboard/wallets/:id/edit,Wallet edit page,wallets,web-wallets,protected; destructive,SOAR-PAGE-WALLET-ID-ROOT; SOAR-PAGE-WALLETS-LIST; SOAR-PAGE-WALLET-CREATE; SOAR-PAGE-WALLET-EDIT,SOAR-COMP-WALLET-CREATE-EDIT-FORM,SOAR-API-WALLET-GET; SOAR-API-WALLET-UPDATE; SOAR-API-WALLET-DELETE; SOAR-API-WALLET-RESET-PAPER,CHAIN-WALLETS-CORE,SOAR-SERVICE-WEB-WALLETS; SOAR-CONTROLLER-WALLETS; SOAR-TYPES-WALLETS; SOAR-SERVICE-WALLETS; SOAR-SERVICE-WALLET-LEDGER; SOAR-SERVICE-WALLET-CASHFLOW-CLASSIFIER; SOAR-SERVICE-EXCHANGE-CAPABILITIES; SOAR-SERVICE-EXCHANGE-MARKET-CATALOG; SOAR-SERVICE-EXCHANGE-AUTH-READ; SOAR-SERVICE-EXCHANGE-ADAPTER-BOUNDARY,SOAR-DB-WALLET; SOAR-DB-BOT; SOAR-DB-POSITION; SOAR-DB-ORDER,SOAR-TEST-WALLETS-WEB; SOAR-TEST-WALLETS-API; SOAR-TEST-WALLET-LEDGER; SOAR-TEST-EXCHANGE-AUTH-READ; SOAR-TEST-EXCHANGE-CAPABILITY-CONTRACTS; SOAR-TEST-EXCHANGE-MARKET-CATALOG; SOAR-TEST-EXCHANGE-ADAPTER-BOUNDARY; SOAR-TEST-MANUAL-ORDER; SOAR-TEST-DASHBOARD-RUNTIME; SOAR-TEST-RUNTIME-DCA-PNL,SOAR-DOC-WEB-WALLETS; SOAR-DOC-API-WALLETS; SOAR-DOC-EXCHANGE-OWNERSHIP; SOAR-DOC-DATA-MODEL,docs/modules/api-wallets.md;docs/modules/web-wallets.md; apps/web/src/app/dashboard/wallets/_components/WalletFormPageContent.tsx; apps/web/src/app/dashboard/wallets/[id]/edit/page.tsx,verified_local_only,local_only_without_fresh_browser_or_production_proof; protected_or_money_path_needs_fresh_browser_or_production_proof,high,critical,2026-05-24,Run or add browser/API proof for this action before claiming end-to-end behavior.
SOAR-ACTION-VISIT-PAGE-WALLET-ID-ROOT,SOAR-PAGE-WALLET-ID-ROOT,inferred_route_visit,route_visit,/dashboard/wallets/:id,Wallet detail redirect,wallets,web-wallets,protected; read_or_navigation,SOAR-PAGE-WALLET-ID-ROOT; SOAR-PAGE-WALLET-EDIT,SOAR-PAGE-WALLET-EDIT,,,,,SOAR-TEST-WALLETS-WEB,SOAR-DOC-WEB-WALLETS,apps/web/src/app/dashboard/wallets/[id]/edit/page.tsx; apps/web/src/app/dashboard/wallets/[id]/page.tsx,verified_local_only,local_only_without_fresh_browser_or_production_proof; protected_or_money_path_needs_fresh_browser_or_production_proof,high,medium,2026-05-24,Run or add browser/API proof for this action before claiming end-to-end behavior.
SOAR-ACTION-VISIT-PAGE-WALLET-PREVIEW,SOAR-PAGE-WALLET-PREVIEW,inferred_route_visit,route_visit,/dashboard/wallets/:id/preview,Wallet preview page,wallets,web-wallets,protected; read_or_navigation,SOAR-PAGE-WALLET-PREVIEW,SOAR-COMP-WALLET-PREVIEW-PANEL,SOAR-API-WALLET-PERFORMANCE-SUMMARY; SOAR-API-WALLET-EQUITY-TIMELINE; SOAR-API-WALLET-CASHFLOW-EVENTS,CHAIN-WALLETS-CORE,SOAR-SERVICE-WEB-WALLETS; SOAR-CONTROLLER-WALLETS; SOAR-TYPES-WALLETS; SOAR-SERVICE-WALLETS; SOAR-SERVICE-WALLET-LEDGER; SOAR-SERVICE-WALLET-CASHFLOW-CLASSIFIER; SOAR-SERVICE-EXCHANGE-CAPABILITIES; SOAR-SERVICE-EXCHANGE-MARKET-CATALOG; SOAR-SERVICE-EXCHANGE-AUTH-READ; SOAR-SERVICE-EXCHANGE-ADAPTER-BOUNDARY,SOAR-DB-WALLET; SOAR-DB-POSITION; SOAR-DB-BOT; SOAR-DB-ORDER,SOAR-TEST-WALLETS-WEB; SOAR-TEST-WALLETS-API; SOAR-TEST-WALLET-LEDGER; SOAR-TEST-EXCHANGE-AUTH-READ; SOAR-TEST-EXCHANGE-CAPABILITY-CONTRACTS; SOAR-TEST-EXCHANGE-MARKET-CATALOG; SOAR-TEST-EXCHANGE-ADAPTER-BOUNDARY; SOAR-TEST-MANUAL-ORDER; SOAR-TEST-DASHBOARD-RUNTIME; SOAR-TEST-RUNTIME-DCA-PNL,SOAR-DOC-WEB-WALLETS; SOAR-DOC-API-WALLETS; SOAR-DOC-EXCHANGE-OWNERSHIP; SOAR-DOC-DATA-MODEL,docs/modules/api-wallets.md;docs/modules/web-wallets.md; apps/web/src/features/wallets/components/WalletPreviewPanel.tsx; apps/web/src/app/dashboard/wallets/[id]/preview/page.tsx,verified_local_only,local_only_without_fresh_browser_or_production_proof; protected_or_money_path_needs_fresh_browser_or_production_proof,high,critical,2026-05-24,Run or add browser/API proof for this action before claiming end-to-end behavior.
SOAR-ACTION-VISIT-PAGE-WALLETS-LIST,SOAR-PAGE-WALLETS-LIST,inferred_route_visit,destructive_submit,/dashboard/wallets/list,Wallets list page,wallets,web-wallets,protected; destructive,SOAR-PAGE-WALLETS-ROOT; SOAR-PAGE-WALLETS-LIST; SOAR-PAGE-WALLET-EDIT,SOAR-COMP-WALLETS-LIST-TABLE,SOAR-API-WALLET-LIST; SOAR-API-WALLET-DELETE; SOAR-API-WALLET-RESET-PAPER,CHAIN-WALLETS-CORE,SOAR-SERVICE-WEB-WALLETS; SOAR-CONTROLLER-WALLETS; SOAR-TYPES-WALLETS; SOAR-SERVICE-WALLETS; SOAR-SERVICE-WALLET-LEDGER; SOAR-SERVICE-WALLET-CASHFLOW-CLASSIFIER; SOAR-SERVICE-EXCHANGE-CAPABILITIES; SOAR-SERVICE-EXCHANGE-MARKET-CATALOG; SOAR-SERVICE-EXCHANGE-AUTH-READ; SOAR-SERVICE-EXCHANGE-ADAPTER-BOUNDARY,SOAR-DB-WALLET; SOAR-DB-BOT; SOAR-DB-POSITION; SOAR-DB-ORDER,SOAR-TEST-WALLETS-WEB; SOAR-TEST-WALLETS-API; SOAR-TEST-WALLET-LEDGER; SOAR-TEST-EXCHANGE-AUTH-READ; SOAR-TEST-EXCHANGE-CAPABILITY-CONTRACTS; SOAR-TEST-EXCHANGE-MARKET-CATALOG; SOAR-TEST-EXCHANGE-ADAPTER-BOUNDARY; SOAR-TEST-MANUAL-ORDER; SOAR-TEST-DASHBOARD-RUNTIME; SOAR-TEST-RUNTIME-DCA-PNL,SOAR-DOC-WEB-WALLETS; SOAR-DOC-API-WALLETS; SOAR-DOC-EXCHANGE-OWNERSHIP; SOAR-DOC-DATA-MODEL,docs/modules/api-wallets.md;docs/modules/web-wallets.md; apps/web/src/features/wallets/components/WalletsListTable.tsx; apps/web/src/app/dashboard/wallets/list/page.tsx,verified_local_only,local_only_without_fresh_browser_or_production_proof; protected_or_money_path_needs_fresh_browser_or_production_proof,high,high,2026-05-24,Run or add browser/API proof for this action before claiming end-to-end behavior.
SOAR-ACTION-VISIT-PAGE-WALLETS-ROOT,SOAR-PAGE-WALLETS-ROOT,inferred_route_visit,route_visit,/dashboard/wallets,Wallets root redirect,wallets,web-wallets,protected; read_or_navigation,SOAR-PAGE-WALLETS-ROOT; SOAR-PAGE-WALLETS-LIST,SOAR-PAGE-WALLETS-LIST,,CHAIN-WALLETS-CORE,SOAR-SERVICE-WEB-WALLETS; SOAR-CONTROLLER-WALLETS; SOAR-TYPES-WALLETS; SOAR-SERVICE-WALLETS; SOAR-SERVICE-WALLET-LEDGER; SOAR-SERVICE-WALLET-CASHFLOW-CLASSIFIER; SOAR-SERVICE-EXCHANGE-CAPABILITIES; SOAR-SERVICE-EXCHANGE-MARKET-CATALOG; SOAR-SERVICE-EXCHANGE-AUTH-READ; SOAR-SERVICE-EXCHANGE-ADAPTER-BOUNDARY,SOAR-DB-WALLET; SOAR-DB-BOT; SOAR-DB-POSITION; SOAR-DB-ORDER,SOAR-TEST-WALLETS-WEB; SOAR-TEST-WALLETS-API; SOAR-TEST-WALLET-LEDGER; SOAR-TEST-EXCHANGE-AUTH-READ; SOAR-TEST-EXCHANGE-CAPABILITY-CONTRACTS; SOAR-TEST-EXCHANGE-MARKET-CATALOG; SOAR-TEST-EXCHANGE-ADAPTER-BOUNDARY; SOAR-TEST-MANUAL-ORDER; SOAR-TEST-DASHBOARD-RUNTIME; SOAR-TEST-RUNTIME-DCA-PNL,SOAR-DOC-WEB-WALLETS; SOAR-DOC-API-WALLETS; SOAR-DOC-EXCHANGE-OWNERSHIP; SOAR-DOC-DATA-MODEL,docs/modules/api-wallets.md;docs/modules/web-wallets.md; apps/web/src/app/dashboard/wallets/list/page.tsx; apps/web/src/app/dashboard/wallets/page.tsx,verified_local_only,local_only_without_fresh_browser_or_production_proof; protected_or_money_path_needs_fresh_browser_or_production_proof,high,medium,2026-05-24,Run or add browser/API proof for this action before claiming end-to-end behavior.
