id,name,feature,status,trigger_node_id,chain_node_ids,tests_related,docs_related,evidence,missing_links,risk_level,last_verified_at,notes
CHAIN-AUTH-SESSION,Auth session login chain,auth-session,verified,SOAR-PAGE-LOGIN,SOAR-PAGE-LOGIN;SOAR-COMP-LOGIN-FORM;SOAR-API-AUTH-LOGIN;SOAR-DB-USER;SOAR-API-AUTH-ME;SOAR-TEST-AUTH-SESSION;SOAR-DOC-API-AUTH;SOAR-DOC-WEB-AUTH,SOAR-TEST-AUTH-SESSION,SOAR-DOC-TRACEABILITY;SOAR-DOC-API-AUTH;SOAR-DOC-WEB-AUTH,history/evidence/prod-auth-session-browser-proof-84711599-2026-05-14.md,,high,2026-05-14,"Seed chain for auth."
CHAIN-DASHBOARD-RUNTIME,Dashboard runtime monitoring chain,dashboard-runtime,partially_verified,SOAR-PAGE-DASHBOARD,SOAR-PAGE-DASHBOARD;SOAR-COMP-HOME-LIVE-WIDGETS;SOAR-API-BOT-RUNTIME-POSITIONS;SOAR-DB-RUNTIME-SESSION;SOAR-DB-POSITION;SOAR-TEST-DASHBOARD-RUNTIME;SOAR-DOC-WEB-DASHBOARD-HOME;SOAR-DOC-API-BOTS,SOAR-TEST-DASHBOARD-RUNTIME,SOAR-DOC-TRACEABILITY;SOAR-DOC-WEB-DASHBOARD-HOME;SOAR-DOC-API-BOTS,apps/web/src/features/dashboard-home/components/HomeLiveWidgets.runtime-table-audit.test.tsx,"Fresh authenticated browser proof after public reachability restore",high,2026-05-23,"Do not claim current production dashboard behavior from local tests alone."
CHAIN-MANUAL-ORDER,Manual order execution chain,manual-order,verified_local,SOAR-COMP-HOME-LIVE-WIDGETS,SOAR-COMP-HOME-LIVE-WIDGETS;SOAR-HOOK-MANUAL-ORDER-CONTROLLER;SOAR-API-MANUAL-CONTEXT;SOAR-API-ORDER-OPEN;SOAR-SERVICE-ORDERS;SOAR-FEATURE-EXCHANGE-ADAPTER;SOAR-DB-ORDER;SOAR-DB-POSITION;SOAR-DB-TRADE;SOAR-TEST-MANUAL-ORDER;SOAR-DOC-EXECUTION-LIFECYCLE;SOAR-DOC-API-ORDERS,SOAR-TEST-MANUAL-ORDER,SOAR-DOC-EXECUTION-LIFECYCLE;SOAR-DOC-API-ORDERS,history/audits/live-exchange-execution-parity-2026-05-23-task.md,"Approval-gated LIVE mutation proof",critical,2026-05-23,"Local proof exists; live-money actions remain gated."
CHAIN-RUNTIME-DCA-PNL,Runtime DCA exchange PnL chain,runtime-dca-pnl,verified_local,SOAR-FEATURE-RUNTIME-DCA-PNL,SOAR-FEATURE-RUNTIME-DCA-PNL;SOAR-SERVICE-RUNTIME-AUTOMATION;SOAR-FEATURE-EXCHANGE-ADAPTER;SOAR-DB-POSITION;SOAR-TEST-RUNTIME-DCA-PNL;SOAR-DOC-POSITION-PNL-LIFECYCLE,SOAR-TEST-RUNTIME-DCA-PNL,SOAR-DOC-POSITION-PNL-LIFECYCLE,history/tasks/runtime-dca-exchange-pnl-threshold-2026-05-23-task.md,"Protected production readback",critical,2026-05-23,"Systemic chain for the latest DCA threshold repair."
CHAIN-MANUAL-ORDER-DEEP,Manual order deep execution chain,manual-order,verified_local,SOAR-COMP-HOME-LIVE-WIDGETS,SOAR-COMP-HOME-LIVE-WIDGETS;SOAR-HOOK-MANUAL-ORDER-CONTROLLER;SOAR-SERVICE-WEB-BOTS-API;SOAR-API-MANUAL-CONTEXT;SOAR-API-ORDER-OPEN;SOAR-CONTROLLER-ORDERS;SOAR-TYPES-ORDERS;SOAR-SERVICE-ORDERS;SOAR-SERVICE-MANUAL-CONTEXT;SOAR-SERVICE-ORDER-QUANTITY-RULES;SOAR-SERVICE-PRETRADE;SOAR-FEATURE-EXCHANGE-ADAPTER;SOAR-SERVICE-EXECUTION-ORCHESTRATOR;SOAR-SERVICE-ORDER-LIFECYCLE;SOAR-SERVICE-ORDER-EXCHANGE-EVENTS;SOAR-DB-ORDER;SOAR-DB-ORDER-FILL;SOAR-DB-POSITION;SOAR-DB-TRADE;SOAR-TEST-WEB-MANUAL-ORDER;SOAR-TEST-ORDER-SERVICE;SOAR-TEST-ORDER-POSITIONS-E2E;SOAR-TEST-ORDER-QUANTITY-RULES;SOAR-TEST-ORDER-EXCHANGE-EVENTS;SOAR-DOC-WEB-ORDERS;SOAR-DOC-API-ORDERS;SOAR-DOC-EXECUTION-LIFECYCLE,SOAR-TEST-WEB-MANUAL-ORDER;SOAR-TEST-ORDER-SERVICE;SOAR-TEST-ORDER-POSITIONS-E2E;SOAR-TEST-ORDER-QUANTITY-RULES;SOAR-TEST-ORDER-EXCHANGE-EVENTS,SOAR-DOC-WEB-ORDERS;SOAR-DOC-API-ORDERS;SOAR-DOC-EXECUTION-LIFECYCLE,history/audits/live-exchange-execution-parity-2026-05-23-task.md,"Protected production manual/bot readback and approval-gated LIVE mutation proof",critical,2026-05-24,"Backfilled P0 manual order chain across UI service API controller DTO service pretrade exchange lifecycle DB tests and docs."
CHAIN-POSITIONS-CORE,Positions read reconciliation and manual update chain,positions,verified_local,SOAR-COMP-RUNTIME-DATA-SECTION,SOAR-PAGE-POSITIONS-LEGACY;SOAR-PAGE-DASHBOARD;SOAR-COMP-HOME-LIVE-WIDGETS;SOAR-COMP-RUNTIME-DATA-SECTION;SOAR-COMP-RUNTIME-DATA-PRESENTERS;SOAR-WEB-POSITIONS-SERVICE;SOAR-API-POSITION-LIST;SOAR-API-POSITION-GET;SOAR-API-POSITION-MANUAL-UPDATE;SOAR-API-POSITION-EXCHANGE-SNAPSHOT;SOAR-API-POSITION-LIVE-STATUS;SOAR-API-POSITION-TAKEOVER-STATUS;SOAR-API-POSITION-TAKEOVER-REBIND;SOAR-API-POSITION-ORPHAN-REPAIR;SOAR-CONTROLLER-POSITIONS;SOAR-TYPES-POSITIONS;SOAR-SERVICE-POSITIONS;SOAR-SERVICE-POSITION-SNAPSHOT-NORMALIZATION;SOAR-SERVICE-LIVE-POSITION-RECONCILIATION;SOAR-FEATURE-EXCHANGE-ADAPTER;SOAR-SERVICE-RUNTIME-AUTOMATION;SOAR-DB-POSITION;SOAR-DB-ORDER;SOAR-DB-TRADE;SOAR-TEST-WEB-POSITIONS;SOAR-TEST-POSITIONS-SERVICE;SOAR-TEST-POSITIONS-SNAPSHOT;SOAR-TEST-POSITIONS-RECONCILIATION;SOAR-TEST-POSITIONS-TAKEOVER-ORPHAN;SOAR-DOC-WEB-POSITIONS;SOAR-DOC-API-POSITIONS;SOAR-DOC-LIVE-POSITION-RESTART;SOAR-DOC-DASHBOARD-ROUTE-MAP,SOAR-TEST-WEB-POSITIONS;SOAR-TEST-POSITIONS-SERVICE;SOAR-TEST-POSITIONS-SNAPSHOT;SOAR-TEST-POSITIONS-RECONCILIATION;SOAR-TEST-POSITIONS-TAKEOVER-ORPHAN,SOAR-DOC-WEB-POSITIONS;SOAR-DOC-API-POSITIONS;SOAR-DOC-LIVE-POSITION-RESTART;SOAR-DOC-DASHBOARD-ROUTE-MAP,history/evidence/v1-positions-local-proof-task-2026-05-11.md,"Fresh production-safe positions clickthrough and protected LIVE readback remain separate",critical,2026-05-24,"Backfilled P0 positions chain across legacy route runtime UI Web service API controller DTO service exchange snapshot reconciliation DB tests and docs."
CHAIN-BOT-RUNTIME-CORE,Bot Runtime monitoring core chain,bot-runtime,verified_local,SOAR-PAGE-BOT-RUNTIME,SOAR-PAGE-BOT-RUNTIME;SOAR-COMP-BOTS-MANAGEMENT;SOAR-SERVICE-WEB-BOTS-API;SOAR-API-BOT-RUNTIME-AGGREGATE;SOAR-API-BOT-RUNTIME-SESSIONS;SOAR-API-BOT-RUNTIME-SESSION-GET;SOAR-API-BOT-RUNTIME-SYMBOL-STATS;SOAR-API-BOT-RUNTIME-POSITIONS;SOAR-API-BOT-RUNTIME-TRADES;SOAR-API-BOT-RUNTIME-CLOSE-POSITION;SOAR-CONTROLLER-BOTS;SOAR-TYPES-BOTS;SOAR-SERVICE-RUNTIME-AGGREGATE;SOAR-SERVICE-RUNTIME-SESSIONS;SOAR-SERVICE-RUNTIME-SYMBOL-STATS;SOAR-SERVICE-RUNTIME-POSITIONS-READ;SOAR-SERVICE-RUNTIME-TRADES;SOAR-SERVICE-RUNTIME-POSITION-COMMAND;SOAR-SERVICE-LIVE-POSITION-RECONCILIATION;SOAR-SERVICE-RUNTIME-AUTOMATION;SOAR-FEATURE-EXCHANGE-ADAPTER;SOAR-DB-RUNTIME-SESSION;SOAR-DB-POSITION;SOAR-DB-ORDER;SOAR-DB-TRADE;SOAR-TEST-BOT-RUNTIME-API;SOAR-TEST-BOT-RUNTIME-WEB;SOAR-DOC-API-BOTS;SOAR-DOC-WEB-BOTS,SOAR-TEST-BOT-RUNTIME-API;SOAR-TEST-BOT-RUNTIME-WEB,SOAR-DOC-API-BOTS;SOAR-DOC-WEB-BOTS,history/audits/bots-runtime-truth-audit-2026-05-19.md,"Fresh authenticated production runtime readback remains separate",critical,2026-05-24,"Backfilled P0 Bot Runtime monitoring chain across route UI Web service aggregate routes controller DTO read services command service DB tests and docs."
CHAIN-RELEASE-AUDIT-TOOLING,Release audit tooling evidence chain,release-audit-tooling,verified_local,SOAR-FEATURE-RELEASE-AUDIT-TOOLING,SOAR-FEATURE-RELEASE-AUDIT-TOOLING;SOAR-TOOL-REPOSITORY-PATH-RESOLVER;SOAR-TOOL-V1-FINAL-PREFLIGHT;SOAR-TOOL-V1-RELEASE-GATE;SOAR-TOOL-OPERATOR-UNBLOCK-PACKET-CHECK;SOAR-TOOL-REUSABLE-AUDIT-CHECKERS;SOAR-TEST-RELEASE-AUDIT-TOOLING;SOAR-WORKFLOW-RELEASE-AUDIT-TOOLING-CHAIN;SOAR-DOC-LOCAL-DEVELOPMENT;SOAR-DOC-TESTING;SOAR-DOC-ARCHITECTURE-GRAPH-SYSTEM,SOAR-TEST-RELEASE-AUDIT-TOOLING,SOAR-DOC-LOCAL-DEVELOPMENT;SOAR-DOC-TESTING;SOAR-DOC-ARCHITECTURE-GRAPH-SYSTEM,history/tasks/operator-unblock-default-current-packet-2026-05-24-task.md;history/tasks/reusable-audit-history-path-resolver-2026-05-24-task.md;history/releases/v1-preflight-production-no-secret-refresh-2026-05-24.md,"Protected production input proof remains blocked by missing operator-provided environment names",critical,2026-05-24,"Backfilled release audit tooling chain across preflight release gate artifacts validators resolver tests docs and graph workflow."
CHAIN-EXCHANGE-ADAPTER-DEEP,Exchange adapter deep capability and connector chain,exchange-adapter,verified_local,SOAR-FEATURE-EXCHANGE-ADAPTER,SOAR-FEATURE-EXCHANGE-ADAPTER;SOAR-SERVICE-EXCHANGE-CAPABILITIES;SOAR-SERVICE-EXCHANGE-EXECUTION-CAPABILITY;SOAR-SERVICE-EXCHANGE-AUTH-READ-CONTRACT;SOAR-SERVICE-EXCHANGE-AUTH-READ;SOAR-SERVICE-EXCHANGE-ADAPTER-BOUNDARY;SOAR-SERVICE-LIVE-ORDER-ADAPTER;SOAR-SERVICE-LIVE-FEE-RECONCILIATION;SOAR-SERVICE-EXCHANGE-SYMBOL-RULES;SOAR-SERVICE-EXCHANGE-PUBLIC-READ;SOAR-SERVICE-EXCHANGE-PUBLIC-MARKET-DATA;SOAR-SERVICE-EXCHANGE-MARKET-CATALOG;SOAR-SERVICE-EXCHANGE-CONNECTOR-FACTORY;SOAR-SERVICE-CCXT-FUTURES-CONNECTOR;SOAR-SERVICE-EXCHANGE-API-KEY-PROBE-CLIENT;SOAR-SERVICE-ORDERS;SOAR-SERVICE-POSITIONS;SOAR-SERVICE-LIVE-POSITION-RECONCILIATION;SOAR-SERVICE-RUNTIME-POSITION-COMMAND;SOAR-SERVICE-RUNTIME-AUTOMATION;SOAR-DB-WALLET;SOAR-DB-POSITION;SOAR-DB-ORDER;SOAR-DB-ORDER-FILL;SOAR-TEST-EXCHANGE-CAPABILITY-CONTRACTS;SOAR-TEST-EXCHANGE-AUTH-READ;SOAR-TEST-EXCHANGE-ADAPTER-BOUNDARY;SOAR-TEST-LIVE-ORDER-ADAPTER;SOAR-TEST-LIVE-FEE-RECONCILIATION;SOAR-TEST-EXCHANGE-SYMBOL-RULES;SOAR-TEST-EXCHANGE-PUBLIC-READ;SOAR-TEST-EXCHANGE-PUBLIC-MARKET-DATA;SOAR-TEST-EXCHANGE-CONNECTOR-FACTORY;SOAR-TEST-CCXT-FUTURES-CONNECTOR;SOAR-TEST-EXCHANGE-MARKET-CATALOG;SOAR-DOC-EXCHANGE-OWNERSHIP;SOAR-DOC-VENUE-CONTEXT,SOAR-TEST-EXCHANGE-CAPABILITY-CONTRACTS;SOAR-TEST-EXCHANGE-AUTH-READ;SOAR-TEST-EXCHANGE-ADAPTER-BOUNDARY;SOAR-TEST-LIVE-ORDER-ADAPTER;SOAR-TEST-LIVE-FEE-RECONCILIATION;SOAR-TEST-EXCHANGE-SYMBOL-RULES;SOAR-TEST-EXCHANGE-PUBLIC-READ;SOAR-TEST-EXCHANGE-PUBLIC-MARKET-DATA;SOAR-TEST-EXCHANGE-CONNECTOR-FACTORY;SOAR-TEST-CCXT-FUTURES-CONNECTOR;SOAR-TEST-EXCHANGE-MARKET-CATALOG,SOAR-DOC-EXCHANGE-OWNERSHIP;SOAR-DOC-VENUE-CONTEXT,history/audits/exchange-capability-truth-audit-2026-05-19-task.md,"Fresh approved production LIVE mutation proof remains separate",critical,2026-05-24,"Backfilled Exchange Adapter deep chain across capability contracts authenticated/public read boundaries connector factory live order adapter symbol rules fee reconciliation consumers tests and docs."
CHAIN-WALLETS-CORE,Wallets core lifecycle and analytics chain,wallets,verified_local,SOAR-FEATURE-WALLETS,SOAR-FEATURE-WALLETS;SOAR-PAGE-WALLETS-ROOT;SOAR-PAGE-WALLETS-LIST;SOAR-COMP-WALLETS-LIST-TABLE;SOAR-PAGE-WALLET-CREATE;SOAR-PAGE-WALLET-EDIT;SOAR-PAGE-WALLET-PREVIEW;SOAR-COMP-WALLET-FORM-PAGE-CONTENT;SOAR-COMP-WALLET-CREATE-EDIT-FORM;SOAR-COMP-WALLET-PREVIEW-PANEL;SOAR-SERVICE-WEB-WALLETS;SOAR-API-WALLET-LIST;SOAR-API-WALLET-METADATA;SOAR-API-WALLET-PREVIEW-BALANCE;SOAR-API-WALLET-GET;SOAR-API-WALLET-CREATE;SOAR-API-WALLET-UPDATE;SOAR-API-WALLET-DELETE;SOAR-API-WALLET-RESET-PAPER;SOAR-API-WALLET-PERFORMANCE-SUMMARY;SOAR-API-WALLET-EQUITY-TIMELINE;SOAR-API-WALLET-CASHFLOW-EVENTS;SOAR-CONTROLLER-WALLETS;SOAR-TYPES-WALLETS;SOAR-SERVICE-WALLETS;SOAR-SERVICE-WALLET-LEDGER;SOAR-SERVICE-WALLET-CASHFLOW-CLASSIFIER;SOAR-SERVICE-EXCHANGE-CAPABILITIES;SOAR-SERVICE-EXCHANGE-MARKET-CATALOG;SOAR-SERVICE-EXCHANGE-AUTH-READ;SOAR-SERVICE-EXCHANGE-ADAPTER-BOUNDARY;SOAR-DB-WALLET;SOAR-DB-BOT;SOAR-DB-POSITION;SOAR-DB-ORDER;SOAR-TEST-WALLETS-API;SOAR-TEST-WALLET-LEDGER;SOAR-TEST-WALLETS-WEB;SOAR-DOC-API-WALLETS;SOAR-DOC-WEB-WALLETS,SOAR-TEST-WALLETS-API;SOAR-TEST-WALLET-LEDGER;SOAR-TEST-WALLETS-WEB,SOAR-DOC-API-WALLETS;SOAR-DOC-WEB-WALLETS,docs/modules/api-wallets.md;docs/modules/web-wallets.md,"Fresh authenticated browser proof and approved LIVE mutation/readback remain separate",critical,2026-05-24,"Backfilled Wallets core chain across UI routes components Web service API routes controller DTO service exchange boundaries ledger DB tests and docs."
CHAIN-PROFILE-API-KEYS,Profile API Keys credential lifecycle chain,profile-api-keys,verified_local,SOAR-FEATURE-PROFILE-API-KEYS,SOAR-FEATURE-PROFILE-API-KEYS;SOAR-PAGE-PROFILE;SOAR-COMP-API-KEYS-LIST;SOAR-COMP-API-KEY-FORM;SOAR-HOOK-USE-API-KEYS;SOAR-SERVICE-WEB-API-KEYS;SOAR-API-PROFILE-APIKEY-LIST;SOAR-API-PROFILE-APIKEY-CREATE;SOAR-API-PROFILE-APIKEY-UPDATE;SOAR-API-PROFILE-APIKEY-DELETE;SOAR-API-PROFILE-APIKEY-TEST;SOAR-API-PROFILE-APIKEY-STORED-TEST;SOAR-API-PROFILE-APIKEY-ROTATE;SOAR-API-PROFILE-APIKEY-REVOKE;SOAR-CONTROLLER-PROFILE-API-KEYS;SOAR-TYPES-PROFILE-API-KEYS;SOAR-SERVICE-PROFILE-API-KEYS;SOAR-SERVICE-PROFILE-API-KEY-PROBE;SOAR-SERVICE-EXCHANGE-API-KEY-PROBE-CLIENT;SOAR-SERVICE-EXCHANGE-CAPABILITIES;SOAR-FEATURE-EXCHANGE-ADAPTER;SOAR-DB-API-KEY;SOAR-DB-LOG;SOAR-DB-USER;SOAR-FEATURE-WALLETS;SOAR-API-WALLET-PREVIEW-BALANCE;SOAR-FEATURE-BOT-RUNTIME;SOAR-TEST-PROFILE-API-KEYS-API;SOAR-TEST-PROFILE-API-KEY-PROBE;SOAR-TEST-PROFILE-API-KEYS-WEB;SOAR-DOC-API-PROFILE;SOAR-DOC-WEB-PROFILE,SOAR-TEST-PROFILE-API-KEYS-API;SOAR-TEST-PROFILE-API-KEY-PROBE;SOAR-TEST-PROFILE-API-KEYS-WEB,SOAR-DOC-API-PROFILE;SOAR-DOC-WEB-PROFILE,docs/modules/api-profile.md;docs/modules/web-profile.md,"Fresh authenticated browser proof and secret-bearing production probe proof remain separate",critical,2026-05-24,"Backfilled Profile API Keys chain across profile UI service API routes controller DTO encryption/probe service exchange boundary DB tests docs and Wallets/Bot Runtime consumers."
CHAIN-BOT-SETUP,Bot setup and canonical topology chain,bot-setup,verified_local,SOAR-FEATURE-BOT-SETUP,SOAR-FEATURE-BOT-SETUP;SOAR-PAGE-BOTS-LIST;SOAR-COMP-BOTS-LIST-TABLE;SOAR-PAGE-BOT-CREATE;SOAR-PAGE-BOT-EDIT;SOAR-PAGE-BOT-PREVIEW;SOAR-COMP-BOT-FORM-PAGE-CONTENT;SOAR-COMP-BOT-CREATE-EDIT-FORM;SOAR-SERVICE-WEB-BOTS-API;SOAR-API-BOT-LIST;SOAR-API-BOT-GET;SOAR-API-BOT-CREATE;SOAR-API-BOT-UPDATE;SOAR-API-BOT-DELETE;SOAR-API-BOT-RUNTIME-GRAPH;SOAR-API-BOT-MARKET-GROUPS-LIST;SOAR-API-BOT-MARKET-GROUP-CREATE;SOAR-API-BOT-MARKET-GROUP-STRATEGY-ATTACH;SOAR-CONTROLLER-BOTS;SOAR-TYPES-BOTS;SOAR-SERVICE-BOTS;SOAR-SERVICE-BOT-CONTEXT-VALIDATION;SOAR-SERVICE-BOT-ACTIVATION-POLICY;SOAR-SERVICE-BOT-CANONICAL-UPDATE-SCOPE;SOAR-SERVICE-BOT-MARKET-GROUPS;SOAR-FEATURE-WALLETS;SOAR-FEATURE-PROFILE-API-KEYS;SOAR-DB-BOT;SOAR-DB-WALLET;SOAR-DB-API-KEY;SOAR-DB-STRATEGY;SOAR-DB-MARKET-UNIVERSE;SOAR-DB-BOT-MARKET-GROUP;SOAR-DB-MARKET-GROUP-STRATEGY-LINK;SOAR-TEST-BOT-SETUP-API;SOAR-TEST-BOT-SETUP-WEB;SOAR-DOC-API-BOTS;SOAR-DOC-WEB-BOTS,SOAR-TEST-BOT-SETUP-API;SOAR-TEST-BOT-SETUP-WEB,SOAR-DOC-API-BOTS;SOAR-DOC-WEB-BOTS,docs/modules/api-bots.md;docs/modules/web-bots.md,"Fresh authenticated browser proof and LIVE activation proof remain separate",critical,2026-05-24,"Backfilled Bot Setup chain across list/create/edit UI Web service lifecycle API routes controller DTO context validation activation policy canonical topology DB tests and docs."
CHAIN-STRATEGIES,Strategy authoring and indicator catalog chain,strategies,verified_local,SOAR-FEATURE-STRATEGIES,SOAR-FEATURE-STRATEGIES;SOAR-PAGE-STRATEGIES-LIST;SOAR-COMP-STRATEGIES-LIST;SOAR-PAGE-STRATEGY-CREATE;SOAR-PAGE-STRATEGY-EDIT;SOAR-PAGE-STRATEGY-ID-ROOT;SOAR-COMP-STRATEGY-FORM;SOAR-COMP-STRATEGY-FORM-SECTIONS;SOAR-COMP-STRATEGY-PRESET-PICKER;SOAR-SERVICE-WEB-STRATEGIES;SOAR-SERVICE-STRATEGY-FORM-MAPPER;SOAR-SERVICE-STRATEGY-PRESETS;SOAR-API-STRATEGY-LIST;SOAR-API-STRATEGY-GET;SOAR-API-STRATEGY-CREATE;SOAR-API-STRATEGY-UPDATE;SOAR-API-STRATEGY-DELETE;SOAR-API-STRATEGY-IMPORT;SOAR-API-STRATEGY-EXPORT;SOAR-API-STRATEGY-INDICATORS;SOAR-CONTROLLER-STRATEGIES;SOAR-TYPES-STRATEGIES;SOAR-SERVICE-STRATEGIES;SOAR-SERVICE-STRATEGY-CONFIG-VALIDATION;SOAR-SERVICE-STRATEGY-INDICATORS;SOAR-DB-STRATEGY;SOAR-DB-BOT;SOAR-DB-MARKET-GROUP-STRATEGY-LINK;SOAR-FEATURE-BOT-SETUP;SOAR-FEATURE-BOT-RUNTIME;SOAR-TEST-STRATEGIES-API;SOAR-TEST-STRATEGY-INDICATORS;SOAR-TEST-STRATEGIES-WEB;SOAR-TEST-STRATEGY-FORM-UTILS;SOAR-DOC-API-STRATEGIES;SOAR-DOC-WEB-STRATEGIES,SOAR-TEST-STRATEGIES-API;SOAR-TEST-STRATEGY-INDICATORS;SOAR-TEST-STRATEGIES-WEB;SOAR-TEST-STRATEGY-FORM-UTILS,SOAR-DOC-API-STRATEGIES;SOAR-DOC-WEB-STRATEGIES,docs/modules/api-strategies.md;docs/modules/web-strategies.md,"Fresh authenticated browser proof and production strategy mutation proof remain separate",critical,2026-05-24,"Backfilled Strategies chain across list/create/edit UI Web service form mapping presets indicator catalog API routes controller DTO validation service DB bot/reference guards tests and docs."
CHAIN-MARKETS,Market universe authoring and catalog chain,markets,verified_local,SOAR-FEATURE-MARKETS,SOAR-FEATURE-MARKETS;SOAR-PAGE-MARKETS-LIST;SOAR-COMP-MARKET-UNIVERSES-TABLE;SOAR-PAGE-MARKET-CREATE;SOAR-PAGE-MARKET-EDIT;SOAR-COMP-MARKET-UNIVERSE-FORM;SOAR-COMP-MARKET-SEARCHABLE-MULTISELECT;SOAR-SERVICE-WEB-MARKETS;SOAR-SERVICE-MARKET-UNIVERSE-HELPERS;SOAR-API-MARKET-UNIVERSE-LIST;SOAR-API-MARKET-UNIVERSE-GET;SOAR-API-MARKET-CATALOG;SOAR-API-MARKET-UNIVERSE-CREATE;SOAR-API-MARKET-UNIVERSE-UPDATE;SOAR-API-MARKET-UNIVERSE-DELETE;SOAR-CONTROLLER-MARKETS;SOAR-TYPES-MARKETS;SOAR-SERVICE-MARKETS;SOAR-SERVICE-MARKET-CATALOG-SYMBOL-RESOLVER;SOAR-SERVICE-EXCHANGE-MARKET-CATALOG;SOAR-DB-MARKET-UNIVERSE;SOAR-DB-SYMBOL-GROUP;SOAR-DB-BOT;SOAR-DB-BOT-MARKET-GROUP;SOAR-FEATURE-BOT-SETUP;SOAR-FEATURE-BOT-RUNTIME;SOAR-TEST-MARKETS-API;SOAR-TEST-MARKETS-WEB;SOAR-DOC-API-MARKETS;SOAR-DOC-WEB-MARKETS,SOAR-TEST-MARKETS-API;SOAR-TEST-MARKETS-WEB,SOAR-DOC-API-MARKETS;SOAR-DOC-WEB-MARKETS,docs/modules/api-markets.md;docs/modules/web-markets.md,"Fresh authenticated browser proof and production market mutation proof remain separate",critical,2026-05-24,"Backfilled Markets chain across list/create/edit UI Web service catalog-backed form API routes controller DTO service exchange catalog symbol resolver DB guards tests and docs."
CHAIN-BACKTESTS,Backtest run lifecycle and replay chain,backtests,verified_local,SOAR-FEATURE-BACKTESTS,SOAR-FEATURE-BACKTESTS;SOAR-PAGE-BACKTESTS-LIST;SOAR-COMP-BACKTESTS-LIST-VIEW;SOAR-PAGE-BACKTEST-CREATE;SOAR-COMP-BACKTEST-CREATE-FORM;SOAR-PAGE-BACKTEST-DETAIL;SOAR-COMP-BACKTEST-RUN-DETAILS;SOAR-COMP-BACKTEST-DETAIL-PRESENTERS;SOAR-SERVICE-WEB-BACKTESTS;SOAR-SERVICE-BACKTEST-WEB-VIEWMODEL;SOAR-API-BACKTEST-RUN-LIST;SOAR-API-BACKTEST-RUN-GET;SOAR-API-BACKTEST-RUN-TRADES;SOAR-API-BACKTEST-RUN-REPORT;SOAR-API-BACKTEST-RUN-TIMELINE;SOAR-API-BACKTEST-RUN-CREATE;SOAR-API-BACKTEST-RUN-DELETE;SOAR-CONTROLLER-BACKTESTS;SOAR-TYPES-BACKTESTS;SOAR-SERVICE-BACKTESTS;SOAR-SERVICE-BACKTEST-RANGE;SOAR-SERVICE-BACKTEST-RUN-QUEUE;SOAR-SERVICE-BACKTEST-RUN-JOB;SOAR-SERVICE-BACKTEST-DATA-GATEWAY;SOAR-SERVICE-BACKTEST-REPLAY-CORE;SOAR-SERVICE-BACKTEST-FILL-MODEL;SOAR-SERVICE-BACKTEST-REPORT-LIFECYCLE;SOAR-SERVICE-BACKTEST-STRATEGY-SNAPSHOTS;SOAR-FEATURE-STRATEGIES;SOAR-FEATURE-MARKETS;SOAR-FEATURE-EXCHANGE-ADAPTER;SOAR-DB-BACKTEST-RUN;SOAR-DB-BACKTEST-TRADE;SOAR-DB-BACKTEST-REPORT;SOAR-DB-STRATEGY;SOAR-DB-MARKET-UNIVERSE;SOAR-FEATURE-REPORTS;SOAR-TEST-BACKTESTS-API;SOAR-TEST-BACKTEST-REPLAY;SOAR-TEST-BACKTESTS-WEB;SOAR-DOC-API-BACKTESTS;SOAR-DOC-WEB-BACKTESTS,SOAR-TEST-BACKTESTS-API;SOAR-TEST-BACKTEST-REPLAY;SOAR-TEST-BACKTESTS-WEB,SOAR-DOC-API-BACKTESTS;SOAR-DOC-WEB-BACKTESTS,docs/modules/api-backtests.md;docs/modules/web-backtest.md,"Fresh authenticated browser proof and heavy replay performance proof remain separate",critical,2026-05-24,"Backfilled Backtests chain across list/create/detail UI Web service API routes controller DTO service range queue job data gateway replay fill report lifecycle DB tests and docs."
CHAIN-REPORTS,Reports performance evidence chain,reports,verified_local,SOAR-PAGE-REPORTS,SOAR-FEATURE-REPORTS;SOAR-PAGE-REPORTS;SOAR-COMP-PERFORMANCE-REPORTS-VIEW;SOAR-SERVICE-WEB-REPORTS;SOAR-SERVICE-WEB-BACKTESTS;SOAR-API-REPORTS-CROSS-MODE-PERFORMANCE;SOAR-API-BACKTEST-RUN-LIST;SOAR-API-BACKTEST-RUN-REPORT;SOAR-CONTROLLER-REPORTS;SOAR-SERVICE-REPORTS;SOAR-SERVICE-REPORT-MODE-AGGREGATOR;SOAR-DB-BACKTEST-REPORT;SOAR-DB-BACKTEST-TRADE;SOAR-DB-TRADE;SOAR-DB-BOT;SOAR-FEATURE-BACKTESTS;SOAR-TEST-REPORTS-API;SOAR-TEST-REPORTS-WEB;SOAR-DOC-API-REPORTS;SOAR-DOC-WEB-REPORTS,SOAR-TEST-REPORTS-API;SOAR-TEST-REPORTS-WEB,SOAR-DOC-API-REPORTS;SOAR-DOC-WEB-REPORTS,docs/modules/api-reports.md;docs/modules/web-reports.md,"Fresh authenticated browser proof and production report readback remain separate",critical,2026-05-24,"Backfilled Reports chain across dashboard route view Web services cross-mode API controller service aggregation DB read models tests and docs."
CHAIN-LOGS-AUDIT,Logs Audit Trail evidence chain,logs-audit,verified_local,SOAR-PAGE-LOGS,SOAR-FEATURE-LOGS-AUDIT;SOAR-PAGE-LOGS;SOAR-COMP-AUDIT-TRAIL-VIEW;SOAR-SERVICE-WEB-LOGS;SOAR-API-LOGS-LIST;SOAR-CONTROLLER-LOGS;SOAR-TYPES-LOGS;SOAR-SERVICE-LOGS;SOAR-DB-LOG;SOAR-FEATURE-PROFILE-API-KEYS;SOAR-FEATURE-BOT-SETUP;SOAR-TEST-LOGS-API;SOAR-TEST-LOGS-WEB;SOAR-DOC-API-LOGS;SOAR-DOC-WEB-LOGS,SOAR-TEST-LOGS-API;SOAR-TEST-LOGS-WEB,SOAR-DOC-API-LOGS;SOAR-DOC-WEB-LOGS,docs/modules/api-logs.md;docs/modules/web-logs.md,"Fresh authenticated browser proof and production action-produced readback remain separate",high,2026-05-24,"Backfilled Logs/Audit Trail chain across route view Web service API route controller query schema service Log DB model tests and docs."
CHAIN-SUBSCRIPTIONS-ADMIN,Subscriptions Admin entitlement and management chain,subscriptions-admin,verified_local,SOAR-PAGE-ADMIN-SUBSCRIPTIONS,SOAR-FEATURE-SUBSCRIPTIONS-ADMIN;SOAR-PAGE-ADMIN-ROOT;SOAR-COMP-ADMIN-LAYOUT-SHELL;SOAR-PAGE-ADMIN-SUBSCRIPTIONS;SOAR-COMP-ADMIN-SUBSCRIPTIONS-PAGE;SOAR-SERVICE-WEB-ADMIN-SUBSCRIPTIONS;SOAR-API-ADMIN-SUBSCRIPTION-PLANS-LIST;SOAR-API-ADMIN-SUBSCRIPTION-PLAN-UPDATE;SOAR-CONTROLLER-ADMIN-SUBSCRIPTION-PLANS;SOAR-TYPES-ADMIN-SUBSCRIPTION-PLANS;SOAR-SERVICE-ADMIN-SUBSCRIPTION-PLANS;SOAR-PAGE-ADMIN-USERS;SOAR-COMP-ADMIN-USERS-PAGE;SOAR-SERVICE-WEB-ADMIN-USERS;SOAR-API-ADMIN-USERS-LIST;SOAR-API-ADMIN-USERS-UPDATE;SOAR-CONTROLLER-ADMIN-USERS;SOAR-TYPES-ADMIN-USERS;SOAR-SERVICE-ADMIN-USERS;SOAR-COMP-PROFILE-SUBSCRIPTION;SOAR-SERVICE-WEB-PROFILE-SUBSCRIPTION;SOAR-API-PROFILE-SUBSCRIPTION-GET;SOAR-API-PROFILE-SUBSCRIPTION-CHECKOUT;SOAR-CONTROLLER-PROFILE-SUBSCRIPTION;SOAR-SERVICE-PROFILE-SUBSCRIPTION;SOAR-SERVICE-SUBSCRIPTIONS;SOAR-SERVICE-SUBSCRIPTION-ENTITLEMENTS;SOAR-SERVICE-PAYMENT-CHECKOUT;SOAR-DB-SUBSCRIPTION-PLAN;SOAR-DB-USER-SUBSCRIPTION;SOAR-DB-PAYMENT-INTENT;SOAR-DB-USER;SOAR-FEATURE-BOT-SETUP;SOAR-TEST-SUBSCRIPTIONS-ADMIN-API;SOAR-TEST-SUBSCRIPTIONS-ENTITLEMENTS;SOAR-TEST-SUBSCRIPTIONS-ADMIN-WEB;SOAR-DOC-API-ADMIN;SOAR-DOC-API-SUBSCRIPTIONS;SOAR-DOC-WEB-ADMIN,SOAR-TEST-SUBSCRIPTIONS-ADMIN-API;SOAR-TEST-SUBSCRIPTIONS-ENTITLEMENTS;SOAR-TEST-SUBSCRIPTIONS-ADMIN-WEB,SOAR-DOC-API-ADMIN;SOAR-DOC-API-SUBSCRIPTIONS;SOAR-DOC-WEB-ADMIN,docs/modules/api-admin.md;docs/modules/api-subscriptions.md;docs/modules/web-admin.md,"Fresh authenticated browser proof checkout provider callback proof and production admin mutation proof remain separate",critical,2026-05-24,"Backfilled Subscriptions/Admin chain across admin/profile UI Web services API routes controllers schemas services entitlements checkout DB tests and docs."
CHAIN-AI-ASSISTANT-FOUNDATION,AI Assistant foundation chain,ai-assistant-foundation,verified_local,SOAR-PAGE-BOT-ASSISTANT,SOAR-FEATURE-AI-ASSISTANT-FOUNDATION;SOAR-PAGE-BOT-ASSISTANT;SOAR-COMP-BOTS-MANAGEMENT;SOAR-COMP-BOTS-ASSISTANT-TAB;SOAR-HOOK-BOTS-ASSISTANT-CONTROLLER;SOAR-SERVICE-WEB-BOTS-API;SOAR-API-BOT-ASSISTANT-CONFIG-GET;SOAR-API-BOT-ASSISTANT-CONFIG-UPSERT;SOAR-API-BOT-SUBAGENT-UPSERT;SOAR-API-BOT-SUBAGENT-DELETE;SOAR-API-BOT-ASSISTANT-DRY-RUN;SOAR-CONTROLLER-BOTS;SOAR-TYPES-BOTS;SOAR-SERVICE-BOT-ASSISTANT;SOAR-SERVICE-ASSISTANT-ORCHESTRATOR;SOAR-DB-BOT-ASSISTANT-CONFIG;SOAR-DB-BOT-SUBAGENT-CONFIG;SOAR-DB-BOT;SOAR-TEST-AI-ASSISTANT-API;SOAR-TEST-AI-ASSISTANT-ORCHESTRATOR;SOAR-TEST-AI-ASSISTANT-WEB;SOAR-TEST-AI-PROTOCOL-HARNESS;SOAR-DOC-ASSISTANT-RUNTIME;SOAR-DOC-ASSISTANT-RUNTIME-CONTRACT;SOAR-DOC-AI-TESTING-PROTOCOL;SOAR-DOC-AI-INTEGRATION;SOAR-AGENT-AI-RED-TEAM;SOAR-PROMPT-AI-RED-TEAM,SOAR-TEST-AI-ASSISTANT-API;SOAR-TEST-AI-ASSISTANT-ORCHESTRATOR;SOAR-TEST-AI-ASSISTANT-WEB;SOAR-TEST-AI-PROTOCOL-HARNESS,SOAR-DOC-ASSISTANT-RUNTIME;SOAR-DOC-ASSISTANT-RUNTIME-CONTRACT;SOAR-DOC-AI-TESTING-PROTOCOL;SOAR-DOC-AI-INTEGRATION,history/tasks/ai-assistant-foundation-protocol-harness-2026-05-23-task.md,"Hot-path runtime AI trading remains deferred and requires separate red-team proof",critical,2026-05-24,"Backfilled AI Assistant foundation chain across assistant UI Web service API routes controller DTO service orchestrator DB tests docs and red-team protocol."
CHAIN-OPS-CONFIG-PIPELINE,Operations config and pipeline chain,ops-config-pipeline,verified_local,SOAR-CONFIG-ROOT-PACKAGE,SOAR-FEATURE-OPS-CONFIG-PIPELINE;SOAR-CONFIG-ROOT-PACKAGE;SOAR-CONFIG-PNPM-WORKSPACE;SOAR-CONFIG-API-PACKAGE;SOAR-CONFIG-WEB-PACKAGE;SOAR-CONFIG-MOBILE-PACKAGE;SOAR-CONFIG-SHARED-PACKAGE;SOAR-CONFIG-LOCAL-COMPOSE;SOAR-CONFIG-VPS-COMPOSE;SOAR-CONFIG-COOLIFY-STACK-COMPOSE;SOAR-PIPELINE-GITHUB-CI;SOAR-TEST-GUARDRAILS;SOAR-DOC-LOCAL-DEVELOPMENT;SOAR-DOC-TESTING;SOAR-DOC-COOLIFY-VPS,SOAR-TEST-GUARDRAILS,SOAR-DOC-LOCAL-DEVELOPMENT;SOAR-DOC-TESTING;SOAR-DOC-COOLIFY-VPS,history/tasks/coolify-service-stack-migration-2026-05-25-task.md,"Production Coolify stack deployment and protected proof remain separate",high,2026-05-25,"Extended operations config and pipeline chain with the production Coolify Service Stack migration manifest."
CHAIN-API-SUPPORT-ROUTES,API support routes chain,api-support-routes,verified_local,SOAR-ROUTER-API-ROOT,SOAR-FEATURE-API-SUPPORT-ROUTES;SOAR-ROUTER-API-ROOT;SOAR-ROUTER-DASHBOARD;SOAR-ROUTER-ADMIN;SOAR-API-ICON-LOOKUP;SOAR-CONTROLLER-ICONS;SOAR-TYPES-ICONS;SOAR-SERVICE-ICONS;SOAR-API-MARKET-STREAM-EVENTS;SOAR-SERVICE-MARKET-STREAM-FANOUT;SOAR-SERVICE-MARKET-STREAM;SOAR-API-PROFILE-BASIC-GET;SOAR-API-PROFILE-BASIC-UPDATE;SOAR-API-PROFILE-BASIC-DELETE;SOAR-CONTROLLER-PROFILE-BASIC;SOAR-TYPES-PROFILE-BASIC;SOAR-SERVICE-PROFILE-BASIC;SOAR-API-PROFILE-SECURITY-PASSWORD;SOAR-API-PROFILE-SECURITY-ACCOUNT;SOAR-CONTROLLER-PROFILE-SECURITY;SOAR-TYPES-PROFILE-SECURITY;SOAR-SERVICE-PROFILE-SECURITY;SOAR-API-UPLOAD-AVATAR;SOAR-SERVICE-UPLOAD-AVATAR-PROCESSING;SOAR-DB-USER;SOAR-TEST-API-SUPPORT-ROUTES;SOAR-TEST-ICONS-API;SOAR-TEST-MARKET-STREAM-API;SOAR-TEST-PROFILE-BASIC-API;SOAR-TEST-PROFILE-SECURITY-API;SOAR-TEST-UPLOAD-API;SOAR-DOC-API-ROOT;SOAR-DOC-API-PROFILE;SOAR-DOC-API-ICONS;SOAR-DOC-API-MARKET-STREAM;SOAR-DOC-API-UPLOAD;SOAR-DOC-API-ADMIN,SOAR-TEST-API-SUPPORT-ROUTES;SOAR-TEST-ICONS-API;SOAR-TEST-MARKET-STREAM-API;SOAR-TEST-PROFILE-BASIC-API;SOAR-TEST-PROFILE-SECURITY-API;SOAR-TEST-UPLOAD-API,SOAR-DOC-API-ROOT;SOAR-DOC-API-PROFILE;SOAR-DOC-API-ICONS;SOAR-DOC-API-MARKET-STREAM;SOAR-DOC-API-UPLOAD;SOAR-DOC-API-ADMIN,history/tasks/architecture-graph-api-support-routes-backfill-2026-05-24-task.md,"Fresh authenticated browser proof for profile/upload UI consumers remains separate",critical,2026-05-24,"Backfilled API support routes across root/dashboard/admin routers icons market stream profile basic/security upload services tests and docs."
CHAIN-RUNTIME-SUPPORT-SERVICES,Runtime support services chain,runtime-support-services,verified_local,SOAR-SERVICE-BOTS-RUNTIME-READ,SOAR-FEATURE-RUNTIME-SUPPORT-SERVICES;SOAR-SERVICE-BOT-API-KEY-RESOLVER;SOAR-SERVICE-BOT-LIVE-CONSENT;SOAR-SERVICE-BOT-OWNERSHIP;SOAR-SERVICE-BOT-PORTFOLIO-HISTORY-READ;SOAR-SERVICE-BOT-READ-PROJECTION;SOAR-SERVICE-BOT-RESPONSE-MAPPER;SOAR-SERVICE-BOTS-RUNTIME-READ;SOAR-SERVICE-BOT-STRATEGY-PROJECTION-DRIFT;SOAR-SERVICE-BOT-WRITE-VALIDATION;SOAR-SERVICE-RUNTIME-DCA-PROTECTION-DISPLAY;SOAR-SERVICE-RUNTIME-EXTERNAL-POSITION-OWNER;SOAR-SERVICE-RUNTIME-MARKET-DATA-FALLBACK;SOAR-SERVICE-RUNTIME-MARKET-TRUTH-STATE;SOAR-SERVICE-RUNTIME-SIGNAL-CONDITION-LINES;SOAR-SERVICE-RUNTIME-SIGNAL-CONDITION-SUMMARY;SOAR-SERVICE-RUNTIME-SIGNAL-INDICATORS;SOAR-SERVICE-RUNTIME-SIGNAL-STATS-FORMATTING;SOAR-SERVICE-RUNTIME-STRATEGY-CONFIG-PARSER;SOAR-SERVICE-RUNTIME-STRATEGY-DISPLAY-BY-SYMBOL;SOAR-SERVICE-RUNTIME-SYMBOL-CATALOG-RESOLVER;SOAR-SERVICE-RUNTIME-SYMBOL-UNIVERSE;SOAR-SERVICE-RUNTIME-TRADE-ACTION-REASON;SOAR-SERVICE-RUNTIME-TRADE-LIFECYCLE;SOAR-SERVICE-ENGINE-ORDER-TYPES;SOAR-SERVICE-PAPER-LIFECYCLE;SOAR-SERVICE-PAPER-RUNTIME;SOAR-SERVICE-POSITION-MANAGEMENT;SOAR-SERVICE-PRETRADE-RISK;SOAR-SERVICE-RULE-EVALUATOR;SOAR-SERVICE-RUNTIME-CAPITAL-CONTEXT;SOAR-DB-BOT;SOAR-DB-POSITION;SOAR-DB-ORDER;SOAR-DB-TRADE;SOAR-TEST-RUNTIME-SUPPORT-SERVICES;SOAR-TEST-BOT-OWNERSHIP;SOAR-TEST-BOT-PORTFOLIO-HISTORY;SOAR-TEST-BOT-STRATEGY-PROJECTION-DRIFT;SOAR-TEST-RUNTIME-EXTERNAL-POSITION-OWNER;SOAR-TEST-RUNTIME-STRATEGY-CONTEXT;SOAR-TEST-PAPER-RUNTIME;SOAR-DOC-API-BOTS;SOAR-DOC-EXECUTION-LIFECYCLE,SOAR-TEST-RUNTIME-SUPPORT-SERVICES;SOAR-TEST-BOT-OWNERSHIP;SOAR-TEST-BOT-PORTFOLIO-HISTORY;SOAR-TEST-BOT-STRATEGY-PROJECTION-DRIFT;SOAR-TEST-RUNTIME-EXTERNAL-POSITION-OWNER;SOAR-TEST-RUNTIME-STRATEGY-CONTEXT;SOAR-TEST-PAPER-RUNTIME,SOAR-DOC-API-BOTS;SOAR-DOC-EXECUTION-LIFECYCLE,history/tasks/architecture-graph-runtime-support-services-backfill-2026-05-24-task.md,"Fresh end-to-end runtime journey and protected LIVE proof remain separate",critical,2026-05-24,"Backfilled bot/runtime/engine support service drift across ownership projections market truth signal display paper runtime pre-trade risk rule evaluation tests and docs."
CHAIN-API-PLATFORM-SAFETY,API platform safety chain,api-platform-safety,verified_local,SOAR-CONFIG-RUNTIME-EXECUTION,SOAR-FEATURE-API-PLATFORM-SAFETY;SOAR-CONFIG-CRITICAL-SECRETS-READINESS;SOAR-CONFIG-PROXY-TRUST;SOAR-CONFIG-RUNTIME-EXECUTION;SOAR-LIB-ENV;SOAR-MIDDLEWARE-REQUIRE-AUTH;SOAR-MIDDLEWARE-RATE-LIMIT;SOAR-MIDDLEWARE-REQUEST-LOGGER;SOAR-MIDDLEWARE-OPS-NETWORK;SOAR-MIDDLEWARE-TRUSTED-ORIGIN;SOAR-MIDDLEWARE-ERROR-HANDLER;SOAR-LIB-ERRORS;SOAR-LIB-HTTP-ERROR-MAPPER;SOAR-LIB-LOGGER;SOAR-LIB-SYMBOLS;SOAR-ROUTER-API-ROOT;SOAR-TEST-API-PLATFORM-SAFETY;SOAR-TEST-API-CONFIG-SAFETY;SOAR-TEST-API-MIDDLEWARE-SAFETY;SOAR-TEST-API-LIB-SAFETY;SOAR-DOC-API-ROOT;SOAR-DOC-LOCAL-DEVELOPMENT;SOAR-DOC-TESTING,SOAR-TEST-API-PLATFORM-SAFETY;SOAR-TEST-API-CONFIG-SAFETY;SOAR-TEST-API-MIDDLEWARE-SAFETY;SOAR-TEST-API-LIB-SAFETY,SOAR-DOC-API-ROOT;SOAR-DOC-LOCAL-DEVELOPMENT;SOAR-DOC-TESTING,history/tasks/architecture-graph-api-platform-safety-backfill-2026-05-24-task.md,"Fresh adversarial security review remains separate",critical,2026-05-24,"Backfilled API platform safety chain across config readiness proxy/runtime execution middleware guards shared errors logging symbols tests and docs."
CHAIN-WEB-RUNTIME-SURFACES,Web runtime surfaces chain,web-runtime-surfaces,verified_local,SOAR-COMP-HOME-LIVE-WIDGETS,SOAR-FEATURE-WEB-RUNTIME-SURFACES;SOAR-PAGE-DASHBOARD;SOAR-COMP-HOME-LIVE-WIDGETS;SOAR-COMP-RUNTIME-DATA-SECTION;SOAR-COMP-RUNTIME-DATA-PRESENTERS;SOAR-COMP-RUNTIME-SIDEBAR-SECTION;SOAR-COMP-RUNTIME-ONBOARDING-SECTION;SOAR-COMP-RUNTIME-SIGNALS-SECTION;SOAR-UTIL-RUNTIME-DERIVATIONS;SOAR-UTIL-RUNTIME-UI-HELPERS;SOAR-UTIL-RUNTIME-TRADE-META;SOAR-UTIL-RUNTIME-FORMATTERS;SOAR-COMP-BOTS-MANAGEMENT;SOAR-COMP-BOTS-MANAGEMENT-TABS;SOAR-COMP-BOTS-MONITORING-TAB;SOAR-COMP-BOTS-MONITORING-SECTIONS;SOAR-COMP-BOTS-MONITORING-PROTECTION-CELL;SOAR-COMP-BOTS-MONITORING-ATTRIBUTION-PILLS;SOAR-COMP-BOTS-PORTFOLIO-HISTORY-SECTION;SOAR-COMP-MONITORING-FUTURE-SIGNALS;SOAR-UTIL-BOTS-MONITORING-FORMATTERS;SOAR-UTIL-BOTS-MONITORING-LABELS;SOAR-SERVICE-WEB-BOTS-API;SOAR-API-BOT-RUNTIME-AGGREGATE;SOAR-API-BOT-RUNTIME-POSITIONS;SOAR-DB-BOT;SOAR-DB-POSITION;SOAR-DB-ORDER;SOAR-DB-TRADE;SOAR-TEST-WEB-RUNTIME-SURFACES;SOAR-TEST-DASHBOARD-RUNTIME-HELPERS;SOAR-TEST-DASHBOARD-RUNTIME-SIGNALS;SOAR-TEST-BOTS-MONITORING-FUTURE-SIGNALS;SOAR-TEST-BOTS-PORTFOLIO-HISTORY-WEB;SOAR-DOC-WEB-DASHBOARD-HOME;SOAR-DOC-WEB-BOTS,SOAR-TEST-WEB-RUNTIME-SURFACES;SOAR-TEST-DASHBOARD-RUNTIME-HELPERS;SOAR-TEST-DASHBOARD-RUNTIME-SIGNALS;SOAR-TEST-BOTS-MONITORING-FUTURE-SIGNALS;SOAR-TEST-BOTS-PORTFOLIO-HISTORY-WEB,SOAR-DOC-WEB-DASHBOARD-HOME;SOAR-DOC-WEB-BOTS,history/tasks/architecture-graph-web-runtime-surfaces-backfill-2026-05-24-task.md,"Fresh authenticated browser runtime journey remains separate",critical,2026-05-24,"Backfilled Web runtime surfaces across dashboard runtime sections helpers bot monitoring sections future signals portfolio history runtime APIs tests and docs."
CHAIN-AUTH-SESSION-DEEP,Auth session deep chain,auth-session,verified_local,SOAR-PAGE-LOGIN,SOAR-FEATURE-AUTH-SESSION;SOAR-PAGE-PUBLIC-HOME;SOAR-PAGE-LOGIN;SOAR-PAGE-REGISTER;SOAR-COMP-LOGIN-FORM;SOAR-COMP-REGISTER-FORM;SOAR-UI-PASSWORD-VISIBILITY-TOGGLE;SOAR-HOOK-USE-LOGIN-FORM;SOAR-HOOK-USE-REGISTER-FORM;SOAR-HOOK-USE-HYDRATION-READY;SOAR-CONTEXT-WEB-AUTH;SOAR-SERVICE-WEB-AUTH;SOAR-TYPES-WEB-AUTH-FORMS;SOAR-API-AUTH-LOGIN;SOAR-API-AUTH-REGISTER;SOAR-API-AUTH-ME;SOAR-API-AUTH-LOGOUT;SOAR-CONTROLLER-AUTH;SOAR-SERVICE-AUTH;SOAR-SERVICE-AUTH-COOKIE;SOAR-SERVICE-AUTH-JWT;SOAR-SERVICE-AUTH-ERRORS;SOAR-SERVICE-AUTH-SESSION-TOKEN;SOAR-TYPES-AUTH;SOAR-DB-USER;SOAR-TEST-WEB-AUTH-FORMS;SOAR-TEST-WEB-AUTH-HOOKS;SOAR-TEST-WEB-AUTH-CONTEXT;SOAR-TEST-WEB-AUTH-PUBLIC;SOAR-TEST-WEB-AUTH-FORM-TYPES;SOAR-TEST-API-AUTH-SESSION-DEEP;SOAR-TEST-API-AUTH-SERVICE;SOAR-TEST-API-AUTH-COOKIE;SOAR-TEST-API-AUTH-JWT;SOAR-TEST-API-AUTH-ERRORS;SOAR-DOC-API-AUTH;SOAR-DOC-WEB-AUTH,SOAR-TEST-WEB-AUTH-FORMS;SOAR-TEST-WEB-AUTH-HOOKS;SOAR-TEST-WEB-AUTH-CONTEXT;SOAR-TEST-WEB-AUTH-PUBLIC;SOAR-TEST-WEB-AUTH-FORM-TYPES;SOAR-TEST-API-AUTH-SESSION-DEEP;SOAR-TEST-API-AUTH-SERVICE;SOAR-TEST-API-AUTH-COOKIE;SOAR-TEST-API-AUTH-JWT;SOAR-TEST-API-AUTH-ERRORS,SOAR-DOC-API-AUTH;SOAR-DOC-WEB-AUTH,history/tasks/architecture-graph-auth-session-deep-backfill-2026-05-24-task.md,"Fresh production auth browser proof remains separate",critical,2026-05-24,"Backfilled auth session chain across public pages Web forms hooks service AuthContext API routes controller service cookie JWT errors User tests and docs."
CHAIN-ENGINE-RUNTIME-CORE,Engine runtime core chain,engine-runtime-core,verified_local,SOAR-SERVICE-RUNTIME-SCAN-LOOP,SOAR-FEATURE-ENGINE-RUNTIME-CORE;SOAR-SERVICE-RUNTIME-SCAN-LOOP;SOAR-SERVICE-RUNTIME-SIGNAL-LOOP;SOAR-SERVICE-RUNTIME-TOPOLOGY-CACHE;SOAR-SERVICE-RUNTIME-FINAL-CANDLE-DECISION;SOAR-SERVICE-RUNTIME-EXCHANGE-ORDER-GUARD;SOAR-SERVICE-RUNTIME-EXECUTION-DEDUPE;SOAR-SERVICE-RUNTIME-LIFECYCLE-MARK-PRICE;SOAR-SERVICE-RUNTIME-ORDER-LIFETIME;SOAR-SERVICE-RUNTIME-POSITION-LIFETIME;SOAR-SERVICE-RUNTIME-METRICS;SOAR-SERVICE-RUNTIME-TELEMETRY;SOAR-SERVICE-SIMULATOR;SOAR-SERVICE-PAPER-RUNTIME;SOAR-SERVICE-PRETRADE-RISK;SOAR-SERVICE-RULE-EVALUATOR;SOAR-SERVICE-RUNTIME-AUTOMATION;SOAR-FEATURE-EXCHANGE-ADAPTER;SOAR-DB-BOT;SOAR-DB-RUNTIME-SESSION;SOAR-DB-POSITION;SOAR-DB-ORDER;SOAR-DB-TRADE;SOAR-TEST-ENGINE-RUNTIME-CORE;SOAR-DOC-EXECUTION-LIFECYCLE;SOAR-DOC-API-BOTS,SOAR-TEST-ENGINE-RUNTIME-CORE,SOAR-DOC-EXECUTION-LIFECYCLE;SOAR-DOC-API-BOTS,history/tasks/architecture-graph-engine-runtime-core-backfill-2026-05-24-task.md,"Fresh end-to-end runtime journey and protected LIVE exchange mutation proof remain separate",critical,2026-05-24,"Backfilled engine runtime core chain across scan signal topology execution guard dedupe lifecycle telemetry simulator tests and docs."
CHAIN-MARKET-DATA-STREAM-ADAPTERS,Market data and stream adapters chain,market-data-stream-adapters,verified_local,SOAR-SERVICE-MARKET-DATA,SOAR-FEATURE-MARKET-DATA-STREAM-ADAPTERS;SOAR-SERVICE-BINANCE-PUBLIC-REST;SOAR-SERVICE-BINANCE-USER-DATA-STREAM;SOAR-SERVICE-CCXT-SPOT-CONNECTOR;SOAR-SERVICE-MARKET-DATA;SOAR-SERVICE-INDICATOR-ADAPTER;SOAR-SERVICE-BINANCE-STREAM;SOAR-SERVICE-MARKET-STREAM;SOAR-SERVICE-MARKET-STREAM-FANOUT;SOAR-WORKER-MARKET-STREAM-SUBSCRIPTIONS;SOAR-SERVICE-IMPORTED-POSITION-HISTORY-HYDRATOR;SOAR-SERVICE-RUNTIME-SIGNAL-LOOP;SOAR-SERVICE-LIVE-POSITION-RECONCILIATION;SOAR-DB-POSITION;SOAR-DB-TRADE;SOAR-TEST-MARKET-DATA-STREAM-ADAPTERS;SOAR-DOC-API-MARKETS;SOAR-DOC-API-MARKET-STREAM;SOAR-DOC-EXCHANGE-OWNERSHIP,SOAR-TEST-MARKET-DATA-STREAM-ADAPTERS,SOAR-DOC-API-MARKETS;SOAR-DOC-API-MARKET-STREAM;SOAR-DOC-EXCHANGE-OWNERSHIP,history/tasks/architecture-graph-market-data-stream-adapters-backfill-2026-05-24-task.md,"Fresh live exchange stream proof remains separate",critical,2026-05-24,"Backfilled market data and stream adapter chain across public REST user-data stream CCXT spot market data indicator stream worker hydrator tests and docs."
