id,route,feature,module,status,verification_status,consumers,downstream_relations,data_models,tests,docs,chains,evidence,gaps,gap_severity,risk_level,last_verified_at
SOAR-API-AUTH-LOGIN,POST /auth/login,auth-session,api-auth,verified,verified,SOAR-COMP-LOGIN-FORM; SOAR-SERVICE-WEB-AUTH,reads_writes:SOAR-DB-USER; routes_to:SOAR-CONTROLLER-AUTH,SOAR-DB-USER,SOAR-TEST-AUTH-SESSION,SOAR-DOC-API-AUTH,CHAIN-AUTH-SESSION; CHAIN-AUTH-SESSION-DEEP,apps/api/src/modules/auth/auth.controller.ts;apps/api/src/modules/auth/auth.service.ts,,none,high,2026-05-14
SOAR-API-AUTH-ME,GET /auth/me,auth-session,api-auth,verified,verified,SOAR-FEATURE-DASHBOARD-RUNTIME; SOAR-CONTEXT-WEB-AUTH,reads:SOAR-DB-USER; routes_to:SOAR-CONTROLLER-AUTH,SOAR-DB-USER,SOAR-TEST-AUTH-SESSION,SOAR-DOC-API-AUTH,CHAIN-AUTH-SESSION; CHAIN-AUTH-SESSION-DEEP,apps/api/src/modules/auth/auth.controller.ts;apps/api/src/middleware/requireAuth.ts,,none,high,2026-05-14
SOAR-API-MANUAL-CONTEXT,GET /dashboard/orders/manual-context,manual-order,api-orders,verified,verified,SOAR-HOOK-MANUAL-ORDER-CONTROLLER,delegates:SOAR-SERVICE-ORDERS; delegates:SOAR-CONTROLLER-ORDERS,SOAR-DB-BOT; SOAR-DB-WALLET,SOAR-TEST-MANUAL-ORDER,SOAR-DOC-API-ORDERS,CHAIN-MANUAL-ORDER; CHAIN-MANUAL-ORDER-DEEP,apps/api/src/modules/orders/orders.manualContext.service.ts,,none,critical,2026-05-23
SOAR-API-ORDER-OPEN,POST /dashboard/orders/open,manual-order,api-orders,verified,verified_local,SOAR-HOOK-MANUAL-ORDER-CONTROLLER; SOAR-SERVICE-WEB-BOTS-API,delegates:SOAR-SERVICE-ORDERS; delegates:SOAR-CONTROLLER-ORDERS,SOAR-DB-ORDER; SOAR-DB-POSITION,SOAR-TEST-MANUAL-ORDER,SOAR-DOC-API-ORDERS,CHAIN-MANUAL-ORDER; CHAIN-MANUAL-ORDER-DEEP,apps/api/src/modules/orders/orders.service.ts;apps/api/src/modules/engine/preTrade.service.ts,,none,critical,2026-05-23
SOAR-API-BOT-RUNTIME-POSITIONS,GET bot runtime positions,dashboard-runtime,api-bots,partially_verified,partially_verified,SOAR-COMP-HOME-LIVE-WIDGETS; SOAR-SERVICE-WEB-BOTS-API,reads:SOAR-DB-RUNTIME-SESSION; reads:SOAR-DB-POSITION; delegates:SOAR-CONTROLLER-BOTS,SOAR-DB-RUNTIME-SESSION; SOAR-DB-POSITION,SOAR-TEST-DASHBOARD-RUNTIME,SOAR-DOC-API-BOTS,CHAIN-DASHBOARD-RUNTIME; CHAIN-BOT-RUNTIME-CORE; CHAIN-WEB-RUNTIME-SURFACES,apps/api/src/modules/bots/runtimeSessionPositionsRead.service.ts;apps/api/src/modules/bots/runtimeSessionPositionsRead.repository.ts,api_status:partially_verified,high,high,2026-05-23
SOAR-API-ORDER-LIST,GET /dashboard/orders,manual-order,api-orders,verified,verified_local,SOAR-COMP-RUNTIME-DATA-SECTION,delegates:SOAR-CONTROLLER-ORDERS,SOAR-DB-ORDER,SOAR-TEST-ORDER-SERVICE; SOAR-TEST-ORDER-POSITIONS-E2E,SOAR-DOC-API-ORDERS,,apps/api/src/modules/orders/orders.controller.ts,not_in_function_chain,medium,high,2026-05-23
SOAR-API-ORDER-GET,GET /dashboard/orders/:id,manual-order,api-orders,verified,verified_local,SOAR-COMP-RUNTIME-DATA-SECTION,delegates:SOAR-CONTROLLER-ORDERS,SOAR-DB-ORDER,SOAR-TEST-ORDER-SERVICE; SOAR-TEST-ORDER-POSITIONS-E2E,SOAR-DOC-API-ORDERS,,apps/api/src/modules/orders/orders.controller.ts,not_in_function_chain,medium,high,2026-05-23
SOAR-API-ORDER-CANCEL,POST /dashboard/orders/:id/cancel,manual-order,api-orders,verified,verified_local,SOAR-COMP-RUNTIME-DATA-PRESENTERS; SOAR-SERVICE-WEB-BOTS-API,delegates:SOAR-CONTROLLER-ORDERS,SOAR-DB-ORDER,SOAR-TEST-ORDER-SERVICE; SOAR-TEST-ORDER-POSITIONS-E2E,SOAR-DOC-API-ORDERS,,apps/api/src/modules/orders/orders.controller.ts,not_in_function_chain,medium,critical,2026-05-23
SOAR-API-ORDER-CLOSE,POST /dashboard/orders/:id/close,manual-order,api-orders,verified,verified_local,SOAR-COMP-RUNTIME-DATA-PRESENTERS; SOAR-SERVICE-WEB-BOTS-API,delegates:SOAR-CONTROLLER-ORDERS,SOAR-DB-ORDER; SOAR-DB-POSITION,SOAR-TEST-ORDER-POSITIONS-E2E,SOAR-DOC-API-ORDERS,,apps/api/src/modules/orders/orders.controller.ts,not_in_function_chain,medium,critical,2026-05-23
SOAR-API-POSITION-LIST,GET /dashboard/positions,positions,api-positions,verified_local,verified_local,SOAR-COMP-RUNTIME-DATA-SECTION,delegates:SOAR-CONTROLLER-POSITIONS,SOAR-DB-POSITION,SOAR-TEST-POSITIONS-SERVICE; SOAR-TEST-POSITIONS-TAKEOVER-ORPHAN,SOAR-DOC-API-POSITIONS,CHAIN-POSITIONS-CORE,apps/api/src/modules/positions/positions.controller.ts,,none,critical,2026-05-24
SOAR-API-POSITION-GET,GET /dashboard/positions/:id,positions,api-positions,verified_local,verified_local,SOAR-COMP-RUNTIME-DATA-SECTION,delegates:SOAR-CONTROLLER-POSITIONS,SOAR-DB-POSITION,SOAR-TEST-POSITIONS-SERVICE,SOAR-DOC-API-POSITIONS,CHAIN-POSITIONS-CORE,apps/api/src/modules/positions/positions.controller.ts,,none,high,2026-05-24
SOAR-API-POSITION-LIVE-STATUS,GET /dashboard/positions/live-status,positions,api-positions,verified_local,verified_local,SOAR-COMP-RUNTIME-DATA-SECTION,delegates:SOAR-CONTROLLER-POSITIONS,SOAR-DB-POSITION,SOAR-TEST-POSITIONS-RECONCILIATION,SOAR-DOC-API-POSITIONS; SOAR-DOC-LIVE-POSITION-RESTART,CHAIN-POSITIONS-CORE,apps/api/src/modules/positions/positions.controller.ts;apps/api/src/modules/positions/livePositionReconciliationLoop.ts,,none,critical,2026-05-24
SOAR-API-POSITION-EXCHANGE-SNAPSHOT,GET /dashboard/positions/exchange-snapshot,positions,api-positions,verified_local,verified_local,SOAR-COMP-RUNTIME-DATA-SECTION,delegates:SOAR-CONTROLLER-POSITIONS,SOAR-DB-POSITION,SOAR-TEST-POSITIONS-SNAPSHOT,SOAR-DOC-API-POSITIONS,CHAIN-POSITIONS-CORE,apps/api/src/modules/positions/positions.controller.ts,,none,critical,2026-05-24
SOAR-API-POSITION-TAKEOVER-STATUS,GET /dashboard/positions/takeover-status,positions,api-positions,verified_local,verified_local,SOAR-COMP-RUNTIME-DATA-SECTION,delegates:SOAR-CONTROLLER-POSITIONS,SOAR-DB-POSITION,SOAR-TEST-POSITIONS-TAKEOVER-ORPHAN,SOAR-DOC-API-POSITIONS,CHAIN-POSITIONS-CORE,apps/api/src/modules/positions/positions.controller.ts,,none,critical,2026-05-24
SOAR-API-POSITION-TAKEOVER-REBIND,POST /dashboard/positions/takeover-rebind,positions,api-positions,verified_local,verified_local,SOAR-COMP-RUNTIME-DATA-SECTION,delegates:SOAR-CONTROLLER-POSITIONS,SOAR-DB-POSITION,SOAR-TEST-POSITIONS-TAKEOVER-ORPHAN,SOAR-DOC-API-POSITIONS,CHAIN-POSITIONS-CORE,apps/api/src/modules/positions/positions.controller.ts,,none,critical,2026-05-24
SOAR-API-POSITION-ORPHAN-REPAIR,POST /dashboard/positions/orphan-repair,positions,api-positions,verified_local,verified_local,SOAR-COMP-RUNTIME-DATA-SECTION,delegates:SOAR-CONTROLLER-POSITIONS,SOAR-DB-POSITION,SOAR-TEST-POSITIONS-TAKEOVER-ORPHAN,SOAR-DOC-API-POSITIONS,CHAIN-POSITIONS-CORE,apps/api/src/modules/positions/positions.controller.ts,,none,critical,2026-05-24
SOAR-API-POSITION-MANAGEMENT-MODE,PATCH /dashboard/positions/:id/management-mode,positions,api-positions,verified_local,verified_local,SOAR-COMP-RUNTIME-DATA-SECTION,delegates:SOAR-CONTROLLER-POSITIONS,SOAR-DB-POSITION,SOAR-TEST-POSITIONS-SERVICE,SOAR-DOC-API-POSITIONS,,apps/api/src/modules/positions/positions.controller.ts,not_in_function_chain,medium,critical,2026-05-24
SOAR-API-POSITION-MANUAL-UPDATE,PATCH /dashboard/positions/:id/manual-update,positions,api-positions,verified_local,verified_local,SOAR-WEB-POSITIONS-SERVICE; SOAR-COMP-RUNTIME-DATA-PRESENTERS,delegates:SOAR-CONTROLLER-POSITIONS,SOAR-DB-POSITION,SOAR-TEST-POSITIONS-SERVICE; SOAR-TEST-WEB-POSITIONS,SOAR-DOC-API-POSITIONS; SOAR-DOC-WEB-POSITIONS,CHAIN-POSITIONS-CORE,apps/api/src/modules/positions/positions.controller.ts,,none,critical,2026-05-24
SOAR-API-BOT-RUNTIME-GRAPH,GET /dashboard/bots/:id/runtime-graph,bot-runtime,api-bots,verified_local,verified_local,SOAR-COMP-BOTS-MANAGEMENT,,SOAR-DB-BOT; SOAR-DB-RUNTIME-SESSION,SOAR-TEST-BOT-RUNTIME-API,SOAR-DOC-API-BOTS,CHAIN-BOT-SETUP,apps/api/src/modules/bots/bots.controller.ts,,none,high,2026-05-24
SOAR-API-BOT-RUNTIME-AGGREGATE,GET /dashboard/bots/:id/runtime-monitoring/aggregate,bot-runtime,api-bots,verified_local,verified_local,SOAR-COMP-BOTS-MANAGEMENT; SOAR-COMP-HOME-LIVE-WIDGETS; SOAR-SERVICE-WEB-BOTS-API; SOAR-SERVICE-BOTS-MONITORING-AGGREGATE,delegates:SOAR-CONTROLLER-BOTS,SOAR-DB-RUNTIME-SESSION; SOAR-DB-POSITION; SOAR-DB-ORDER; SOAR-DB-TRADE,SOAR-TEST-BOT-RUNTIME-API; SOAR-TEST-BOT-RUNTIME-WEB,SOAR-DOC-API-BOTS; SOAR-DOC-WEB-BOTS,CHAIN-BOT-RUNTIME-CORE; CHAIN-WEB-RUNTIME-SURFACES,apps/api/src/modules/bots/bots.controller.ts,,none,critical,2026-05-24
SOAR-API-BOT-RUNTIME-SESSIONS,GET /dashboard/bots/:id/runtime-sessions,bot-runtime,api-bots,verified_local,verified_local,SOAR-COMP-BOTS-MANAGEMENT,,SOAR-DB-RUNTIME-SESSION,SOAR-TEST-BOT-RUNTIME-API,SOAR-DOC-API-BOTS,CHAIN-BOT-RUNTIME-CORE,apps/api/src/modules/bots/bots.controller.ts,,none,high,2026-05-24
SOAR-API-BOT-RUNTIME-SESSION-GET,GET /dashboard/bots/:id/runtime-sessions/:sessionId,bot-runtime,api-bots,verified_local,verified_local,SOAR-COMP-BOTS-MANAGEMENT,,SOAR-DB-RUNTIME-SESSION,SOAR-TEST-BOT-RUNTIME-API,SOAR-DOC-API-BOTS,CHAIN-BOT-RUNTIME-CORE,apps/api/src/modules/bots/bots.controller.ts,,none,high,2026-05-24
SOAR-API-BOT-RUNTIME-SYMBOL-STATS,GET /dashboard/bots/:id/runtime-sessions/:sessionId/symbol-stats,bot-runtime,api-bots,verified_local,verified_local,SOAR-COMP-BOTS-MANAGEMENT,,SOAR-DB-RUNTIME-SESSION,SOAR-TEST-BOT-RUNTIME-API,SOAR-DOC-API-BOTS,CHAIN-BOT-RUNTIME-CORE,apps/api/src/modules/bots/bots.controller.ts,,none,high,2026-05-24
SOAR-API-BOT-RUNTIME-TRADES,GET /dashboard/bots/:id/runtime-sessions/:sessionId/trades,bot-runtime,api-bots,verified_local,verified_local,SOAR-COMP-BOTS-MANAGEMENT,,SOAR-DB-TRADE,SOAR-TEST-BOT-RUNTIME-API,SOAR-DOC-API-BOTS,CHAIN-BOT-RUNTIME-CORE,apps/api/src/modules/bots/bots.controller.ts,,none,high,2026-05-24
SOAR-API-BOT-RUNTIME-CLOSE-POSITION,POST /dashboard/bots/:id/runtime-sessions/:sessionId/positions/:positionId/close,bot-runtime,api-bots,verified_local,verified_local,SOAR-COMP-BOTS-MANAGEMENT; SOAR-COMP-RUNTIME-DATA-PRESENTERS; SOAR-SERVICE-WEB-BOTS-API; SOAR-HOOK-CLOSE-RUNTIME-POSITION-ACTION,delegates:SOAR-CONTROLLER-BOTS,SOAR-DB-POSITION; SOAR-DB-ORDER,SOAR-TEST-BOT-RUNTIME-API; SOAR-TEST-BOT-RUNTIME-WEB,SOAR-DOC-API-BOTS; SOAR-DOC-WEB-BOTS,CHAIN-BOT-RUNTIME-CORE,apps/api/src/modules/bots/bots.controller.ts,,none,critical,2026-05-24
SOAR-API-WALLET-LIST,GET /dashboard/wallets,wallets,api-wallets,verified_local,verified_local,SOAR-SERVICE-WEB-WALLETS,routes_to:SOAR-CONTROLLER-WALLETS,SOAR-DB-WALLET,SOAR-TEST-WALLETS-API,SOAR-DOC-API-WALLETS,CHAIN-WALLETS-CORE,apps/api/src/modules/wallets/wallets.controller.ts;apps/api/src/modules/wallets/wallets.service.ts,,none,high,2026-05-24
SOAR-API-WALLET-METADATA,GET /dashboard/wallets/metadata,wallets,api-wallets,verified_local,verified_local,SOAR-SERVICE-WEB-WALLETS,,SOAR-DB-WALLET,SOAR-TEST-WALLETS-API,SOAR-DOC-API-WALLETS,CHAIN-WALLETS-CORE,apps/api/src/modules/wallets/wallets.controller.ts;apps/api/src/modules/wallets/wallets.service.ts,,none,high,2026-05-24
SOAR-API-WALLET-PREVIEW-BALANCE,POST /dashboard/wallets/preview-balance,wallets,api-wallets,verified_local,verified_local,SOAR-SERVICE-WEB-WALLETS; SOAR-DB-API-KEY,,SOAR-DB-WALLET,SOAR-TEST-WALLETS-API; SOAR-TEST-EXCHANGE-AUTH-READ,SOAR-DOC-API-WALLETS,CHAIN-WALLETS-CORE; CHAIN-PROFILE-API-KEYS,apps/api/src/modules/wallets/wallets.controller.ts;apps/api/src/modules/wallets/wallets.service.ts,,none,critical,2026-05-24
SOAR-API-WALLET-GET,GET /dashboard/wallets/:id,wallets,api-wallets,verified_local,verified_local,SOAR-SERVICE-WEB-WALLETS,,SOAR-DB-WALLET,SOAR-TEST-WALLETS-API,SOAR-DOC-API-WALLETS,CHAIN-WALLETS-CORE,apps/api/src/modules/wallets/wallets.controller.ts;apps/api/src/modules/wallets/wallets.service.ts,,none,high,2026-05-24
SOAR-API-WALLET-CREATE,POST /dashboard/wallets,wallets,api-wallets,verified_local,verified_local,SOAR-SERVICE-WEB-WALLETS; SOAR-FEATURE-BOT-RUNTIME,routes_to:SOAR-CONTROLLER-WALLETS,SOAR-DB-WALLET,SOAR-TEST-WALLETS-API,SOAR-DOC-API-WALLETS,CHAIN-WALLETS-CORE,apps/api/src/modules/wallets/wallets.controller.ts;apps/api/src/modules/wallets/wallets.service.ts,,none,critical,2026-05-24
SOAR-API-WALLET-UPDATE,PUT /dashboard/wallets/:id,wallets,api-wallets,verified_local,verified_local,SOAR-SERVICE-WEB-WALLETS,routes_to:SOAR-CONTROLLER-WALLETS,SOAR-DB-WALLET; SOAR-DB-BOT,SOAR-TEST-WALLETS-API,SOAR-DOC-API-WALLETS,CHAIN-WALLETS-CORE,apps/api/src/modules/wallets/wallets.controller.ts;apps/api/src/modules/wallets/wallets.service.ts,,none,critical,2026-05-24
SOAR-API-WALLET-DELETE,DELETE /dashboard/wallets/:id,wallets,api-wallets,verified_local,verified_local,SOAR-SERVICE-WEB-WALLETS,,SOAR-DB-WALLET; SOAR-DB-BOT,SOAR-TEST-WALLETS-API,SOAR-DOC-API-WALLETS,CHAIN-WALLETS-CORE,apps/api/src/modules/wallets/wallets.controller.ts;apps/api/src/modules/wallets/wallets.service.ts,,none,critical,2026-05-24
SOAR-API-WALLET-RESET-PAPER,POST /dashboard/wallets/:id/reset-paper,wallets,api-wallets,verified_local,verified_local,SOAR-SERVICE-WEB-WALLETS,routes_to:SOAR-CONTROLLER-WALLETS,SOAR-DB-WALLET; SOAR-DB-POSITION; SOAR-DB-ORDER,SOAR-TEST-WALLETS-API; SOAR-TEST-WALLETS-WEB,SOAR-DOC-API-WALLETS; SOAR-DOC-WEB-WALLETS,CHAIN-WALLETS-CORE,apps/api/src/modules/wallets/wallets.controller.ts;apps/api/src/modules/wallets/wallets.service.ts,,none,critical,2026-05-24
SOAR-API-WALLET-PERFORMANCE-SUMMARY,GET /dashboard/wallets/:id/performance-summary,wallets,api-wallets,verified_local,verified_local,SOAR-SERVICE-WEB-WALLETS,,SOAR-DB-WALLET; SOAR-DB-POSITION,SOAR-TEST-WALLET-LEDGER; SOAR-TEST-WALLETS-API,SOAR-DOC-API-WALLETS,CHAIN-WALLETS-CORE,apps/api/src/modules/wallets/wallets.controller.ts;apps/api/src/modules/wallets/wallets.service.ts,,none,critical,2026-05-24
SOAR-API-WALLET-EQUITY-TIMELINE,GET /dashboard/wallets/:id/equity-timeline,wallets,api-wallets,verified_local,verified_local,SOAR-SERVICE-WEB-WALLETS,,SOAR-DB-WALLET,SOAR-TEST-WALLET-LEDGER; SOAR-TEST-WALLETS-API,SOAR-DOC-API-WALLETS,CHAIN-WALLETS-CORE,apps/api/src/modules/wallets/wallets.controller.ts;apps/api/src/modules/wallets/wallets.service.ts,,none,critical,2026-05-24
SOAR-API-WALLET-CASHFLOW-EVENTS,GET /dashboard/wallets/:id/cashflow-events,wallets,api-wallets,verified_local,verified_local,SOAR-SERVICE-WEB-WALLETS,,SOAR-DB-WALLET,SOAR-TEST-WALLET-LEDGER; SOAR-TEST-WALLETS-API,SOAR-DOC-API-WALLETS,CHAIN-WALLETS-CORE,apps/api/src/modules/wallets/wallets.controller.ts;apps/api/src/modules/wallets/wallets.service.ts,,none,critical,2026-05-24
SOAR-API-PROFILE-APIKEY-LIST,GET /dashboard/profile/apiKeys,profile-api-keys,api-profile,verified_local,verified_local,SOAR-SERVICE-WEB-API-KEYS,routes_to:SOAR-CONTROLLER-PROFILE-API-KEYS,SOAR-DB-API-KEY,SOAR-TEST-PROFILE-API-KEYS-API,SOAR-DOC-API-PROFILE,CHAIN-PROFILE-API-KEYS,apps/api/src/modules/profile/apiKey/apiKey.controller.ts;apps/api/src/modules/profile/apiKey/apiKey.service.ts,,none,critical,2026-05-24
SOAR-API-PROFILE-APIKEY-CREATE,POST /dashboard/profile/apiKeys,profile-api-keys,api-profile,verified_local,verified_local,SOAR-SERVICE-WEB-API-KEYS; SOAR-FEATURE-WALLETS,routes_to:SOAR-CONTROLLER-PROFILE-API-KEYS,SOAR-DB-API-KEY; SOAR-DB-USER; SOAR-DB-LOG,SOAR-TEST-PROFILE-API-KEYS-API,SOAR-DOC-API-PROFILE,CHAIN-PROFILE-API-KEYS,apps/api/src/modules/profile/apiKey/apiKey.controller.ts;apps/api/src/modules/profile/apiKey/apiKey.service.ts,,none,critical,2026-05-24
SOAR-API-PROFILE-APIKEY-UPDATE,PATCH /dashboard/profile/apiKeys/:id,profile-api-keys,api-profile,verified_local,verified_local,SOAR-SERVICE-WEB-API-KEYS,,SOAR-DB-API-KEY; SOAR-DB-LOG,SOAR-TEST-PROFILE-API-KEYS-API,SOAR-DOC-API-PROFILE,CHAIN-PROFILE-API-KEYS,apps/api/src/modules/profile/apiKey/apiKey.controller.ts;apps/api/src/modules/profile/apiKey/apiKey.service.ts,,none,critical,2026-05-24
SOAR-API-PROFILE-APIKEY-DELETE,DELETE /dashboard/profile/apiKeys/:id,profile-api-keys,api-profile,verified_local,verified_local,SOAR-SERVICE-WEB-API-KEYS,,SOAR-DB-API-KEY; SOAR-DB-LOG,SOAR-TEST-PROFILE-API-KEYS-API,SOAR-DOC-API-PROFILE,CHAIN-PROFILE-API-KEYS,apps/api/src/modules/profile/apiKey/apiKey.controller.ts;apps/api/src/modules/profile/apiKey/apiKey.service.ts,,none,critical,2026-05-24
SOAR-API-PROFILE-APIKEY-TEST,POST /dashboard/profile/apiKeys/test,profile-api-keys,api-profile,verified_local,verified_local,SOAR-SERVICE-WEB-API-KEYS,routes_to:SOAR-CONTROLLER-PROFILE-API-KEYS,SOAR-DB-LOG,SOAR-TEST-PROFILE-API-KEY-PROBE; SOAR-TEST-PROFILE-API-KEYS-API,SOAR-DOC-API-PROFILE,CHAIN-PROFILE-API-KEYS,apps/api/src/modules/profile/apiKey/apiKey.controller.ts;apps/api/src/modules/profile/apiKey/apiKey.service.ts,,none,critical,2026-05-24
SOAR-API-PROFILE-APIKEY-STORED-TEST,POST /dashboard/profile/apiKeys/:id/test,profile-api-keys,api-profile,verified_local,verified_local,SOAR-SERVICE-WEB-API-KEYS,routes_to:SOAR-CONTROLLER-PROFILE-API-KEYS,SOAR-DB-API-KEY; SOAR-DB-LOG,SOAR-TEST-PROFILE-API-KEY-PROBE; SOAR-TEST-PROFILE-API-KEYS-API,SOAR-DOC-API-PROFILE,CHAIN-PROFILE-API-KEYS,apps/api/src/modules/profile/apiKey/apiKey.controller.ts;apps/api/src/modules/profile/apiKey/apiKey.service.ts,,none,critical,2026-05-24
SOAR-API-PROFILE-APIKEY-ROTATE,POST /dashboard/profile/apiKeys/:id/rotate,profile-api-keys,api-profile,verified_local,verified_local,SOAR-SERVICE-WEB-API-KEYS,routes_to:SOAR-CONTROLLER-PROFILE-API-KEYS,SOAR-DB-API-KEY; SOAR-DB-LOG,SOAR-TEST-PROFILE-API-KEYS-API,SOAR-DOC-API-PROFILE,CHAIN-PROFILE-API-KEYS,apps/api/src/modules/profile/apiKey/apiKey.controller.ts;apps/api/src/modules/profile/apiKey/apiKey.service.ts,,none,critical,2026-05-24
SOAR-API-PROFILE-APIKEY-REVOKE,POST /dashboard/profile/apiKeys/:id/revoke,profile-api-keys,api-profile,verified_local,verified_local,SOAR-SERVICE-WEB-API-KEYS,routes_to:SOAR-CONTROLLER-PROFILE-API-KEYS,SOAR-DB-API-KEY; SOAR-DB-LOG,SOAR-TEST-PROFILE-API-KEYS-API,SOAR-DOC-API-PROFILE,CHAIN-PROFILE-API-KEYS,apps/api/src/modules/profile/apiKey/apiKey.controller.ts;apps/api/src/modules/profile/apiKey/apiKey.service.ts,,none,critical,2026-05-24
SOAR-API-BOT-LIST,GET /dashboard/bots,bot-setup,api-bots,verified_local,verified_local,SOAR-SERVICE-WEB-BOTS-API,routes_to:SOAR-CONTROLLER-BOTS,SOAR-DB-BOT,SOAR-TEST-BOT-SETUP-API,SOAR-DOC-API-BOTS,CHAIN-BOT-SETUP,apps/api/src/modules/bots/bots.controller.ts;apps/api/src/modules/bots/bots.service.ts,,none,high,2026-05-24
SOAR-API-BOT-GET,GET /dashboard/bots/:id,bot-setup,api-bots,verified_local,verified_local,SOAR-SERVICE-WEB-BOTS-API,,SOAR-DB-BOT; SOAR-DB-BOT-MARKET-GROUP,SOAR-TEST-BOT-SETUP-API,SOAR-DOC-API-BOTS,CHAIN-BOT-SETUP,apps/api/src/modules/bots/bots.controller.ts;apps/api/src/modules/bots/bots.service.ts,,none,high,2026-05-24
SOAR-API-BOT-CREATE,POST /dashboard/bots,bot-setup,api-bots,verified_local,verified_local,SOAR-SERVICE-WEB-BOTS-API,routes_to:SOAR-CONTROLLER-BOTS,SOAR-DB-BOT; SOAR-DB-WALLET; SOAR-DB-API-KEY; SOAR-DB-STRATEGY; SOAR-DB-MARKET-UNIVERSE,SOAR-TEST-BOT-SETUP-API,SOAR-DOC-API-BOTS,CHAIN-BOT-SETUP,apps/api/src/modules/bots/bots.controller.ts;apps/api/src/modules/bots/bots.service.ts,,none,critical,2026-05-24
SOAR-API-BOT-UPDATE,PUT /dashboard/bots/:id,bot-setup,api-bots,verified_local,verified_local,SOAR-SERVICE-WEB-BOTS-API,routes_to:SOAR-CONTROLLER-BOTS,SOAR-DB-BOT; SOAR-DB-WALLET; SOAR-DB-BOT-MARKET-GROUP,SOAR-TEST-BOT-SETUP-API,SOAR-DOC-API-BOTS,CHAIN-BOT-SETUP,apps/api/src/modules/bots/bots.controller.ts;apps/api/src/modules/bots/bots.service.ts,,none,critical,2026-05-24
SOAR-API-BOT-DELETE,DELETE /dashboard/bots/:id,bot-setup,api-bots,verified_local,verified_local,SOAR-SERVICE-WEB-BOTS-API,routes_to:SOAR-CONTROLLER-BOTS,SOAR-DB-BOT; SOAR-DB-RUNTIME-SESSION; SOAR-DB-POSITION; SOAR-DB-ORDER,SOAR-TEST-BOT-SETUP-API,SOAR-DOC-API-BOTS,CHAIN-BOT-SETUP,apps/api/src/modules/bots/bots.controller.ts;apps/api/src/modules/bots/bots.service.ts,,none,critical,2026-05-24
SOAR-API-BOT-MARKET-GROUPS-LIST,GET /dashboard/bots/:id/market-groups,bot-setup,api-bots,verified_local,verified_local,SOAR-SERVICE-WEB-BOTS-API,,SOAR-DB-BOT-MARKET-GROUP,SOAR-TEST-BOT-SETUP-API,SOAR-DOC-API-BOTS,CHAIN-BOT-SETUP,apps/api/src/modules/bots/bots.controller.ts,,none,high,2026-05-24
SOAR-API-BOT-MARKET-GROUP-CREATE,POST /dashboard/bots/:id/market-groups,bot-setup,api-bots,verified_local,verified_local,SOAR-SERVICE-WEB-BOTS-API,,SOAR-DB-BOT-MARKET-GROUP; SOAR-DB-MARKET-UNIVERSE,SOAR-TEST-BOT-SETUP-API,SOAR-DOC-API-BOTS,CHAIN-BOT-SETUP,apps/api/src/modules/bots/bots.controller.ts,,none,critical,2026-05-24
SOAR-API-BOT-MARKET-GROUP-STRATEGY-ATTACH,POST /dashboard/bots/:id/market-groups/:groupId/strategies,bot-setup,api-bots,verified_local,verified_local,SOAR-SERVICE-WEB-BOTS-API,,SOAR-DB-MARKET-GROUP-STRATEGY-LINK; SOAR-DB-STRATEGY,SOAR-TEST-BOT-SETUP-API,SOAR-DOC-API-BOTS,CHAIN-BOT-SETUP,apps/api/src/modules/bots/bots.controller.ts,,none,critical,2026-05-24
SOAR-API-STRATEGY-LIST,GET /dashboard/strategies,strategies,api-strategies,verified_local,verified_local,SOAR-SERVICE-WEB-STRATEGIES,routes_to:SOAR-CONTROLLER-STRATEGIES,SOAR-DB-STRATEGY,SOAR-TEST-STRATEGIES-API,SOAR-DOC-API-STRATEGIES,CHAIN-STRATEGIES,apps/api/src/modules/strategies/strategies.controller.ts;apps/api/src/modules/strategies/strategies.service.ts,,none,high,2026-05-24
SOAR-API-STRATEGY-IMPORT,POST /dashboard/strategies/import,strategies,api-strategies,verified_local,verified_local,SOAR-SERVICE-WEB-STRATEGIES,routes_to:SOAR-CONTROLLER-STRATEGIES,SOAR-DB-STRATEGY,SOAR-TEST-STRATEGIES-API,SOAR-DOC-API-STRATEGIES,CHAIN-STRATEGIES,apps/api/src/modules/strategies/strategies.controller.ts;apps/api/src/modules/strategies/strategies.service.ts,,none,critical,2026-05-24
SOAR-API-STRATEGY-GET,GET /dashboard/strategies/:id,strategies,api-strategies,verified_local,verified_local,SOAR-SERVICE-WEB-STRATEGIES,routes_to:SOAR-CONTROLLER-STRATEGIES,SOAR-DB-STRATEGY,SOAR-TEST-STRATEGIES-API,SOAR-DOC-API-STRATEGIES,CHAIN-STRATEGIES,apps/api/src/modules/strategies/strategies.controller.ts;apps/api/src/modules/strategies/strategies.service.ts,,none,high,2026-05-24
SOAR-API-STRATEGY-EXPORT,GET /dashboard/strategies/:id/export,strategies,api-strategies,verified_local,verified_local,SOAR-SERVICE-WEB-STRATEGIES,routes_to:SOAR-CONTROLLER-STRATEGIES,SOAR-DB-STRATEGY,SOAR-TEST-STRATEGIES-API,SOAR-DOC-API-STRATEGIES,CHAIN-STRATEGIES,apps/api/src/modules/strategies/strategies.controller.ts;apps/api/src/modules/strategies/strategies.service.ts,,none,high,2026-05-24
SOAR-API-STRATEGY-CREATE,POST /dashboard/strategies,strategies,api-strategies,verified_local,verified_local,SOAR-SERVICE-WEB-STRATEGIES; SOAR-FEATURE-BOT-SETUP,routes_to:SOAR-CONTROLLER-STRATEGIES,SOAR-DB-STRATEGY,SOAR-TEST-STRATEGIES-API,SOAR-DOC-API-STRATEGIES,CHAIN-STRATEGIES,apps/api/src/modules/strategies/strategies.controller.ts;apps/api/src/modules/strategies/strategies.service.ts,,none,critical,2026-05-24
SOAR-API-STRATEGY-UPDATE,PUT /dashboard/strategies/:id,strategies,api-strategies,verified_local,verified_local,SOAR-SERVICE-WEB-STRATEGIES; SOAR-FEATURE-BOT-SETUP,routes_to:SOAR-CONTROLLER-STRATEGIES,SOAR-DB-STRATEGY; SOAR-DB-BOT; SOAR-DB-MARKET-GROUP-STRATEGY-LINK,SOAR-TEST-STRATEGIES-API,SOAR-DOC-API-STRATEGIES,CHAIN-STRATEGIES,apps/api/src/modules/strategies/strategies.controller.ts;apps/api/src/modules/strategies/strategies.service.ts,,none,critical,2026-05-24
SOAR-API-STRATEGY-DELETE,DELETE /dashboard/strategies/:id,strategies,api-strategies,verified_local,verified_local,SOAR-SERVICE-WEB-STRATEGIES,routes_to:SOAR-CONTROLLER-STRATEGIES,SOAR-DB-STRATEGY; SOAR-DB-BOT; SOAR-DB-MARKET-GROUP-STRATEGY-LINK,SOAR-TEST-STRATEGIES-API,SOAR-DOC-API-STRATEGIES,CHAIN-STRATEGIES,apps/api/src/modules/strategies/strategies.controller.ts;apps/api/src/modules/strategies/strategies.service.ts,,none,critical,2026-05-24
SOAR-API-STRATEGY-INDICATORS,GET /dashboard/strategies/indicators,strategies,api-strategies,verified_local,verified_local,SOAR-SERVICE-WEB-STRATEGIES; SOAR-COMP-STRATEGY-FORM-SECTIONS,routes_to:SOAR-SERVICE-STRATEGY-INDICATORS,,SOAR-TEST-STRATEGY-INDICATORS; SOAR-TEST-STRATEGIES-WEB,SOAR-DOC-API-STRATEGIES,CHAIN-STRATEGIES,apps/api/src/modules/strategies/indicators/indicators.controller.ts;apps/api/src/modules/strategies/indicators/indicators.service.ts,no_data_or_explicit_na,medium,medium,2026-05-24
SOAR-API-MARKET-UNIVERSE-LIST,GET /dashboard/markets/universes,markets,api-markets,verified_local,verified_local,SOAR-SERVICE-WEB-MARKETS,routes_to:SOAR-CONTROLLER-MARKETS,SOAR-DB-MARKET-UNIVERSE,SOAR-TEST-MARKETS-API,SOAR-DOC-API-MARKETS,CHAIN-MARKETS,apps/api/src/modules/markets/markets.controller.ts;apps/api/src/modules/markets/markets.service.ts,,none,high,2026-05-24
SOAR-API-MARKET-UNIVERSE-GET,GET /dashboard/markets/universes/:id,markets,api-markets,verified_local,verified_local,SOAR-SERVICE-WEB-MARKETS,routes_to:SOAR-CONTROLLER-MARKETS,SOAR-DB-MARKET-UNIVERSE,SOAR-TEST-MARKETS-API,SOAR-DOC-API-MARKETS,CHAIN-MARKETS,apps/api/src/modules/markets/markets.controller.ts;apps/api/src/modules/markets/markets.service.ts,,none,high,2026-05-24
SOAR-API-MARKET-CATALOG,GET /dashboard/markets/catalog,markets,api-markets,verified_local,verified_local,SOAR-SERVICE-WEB-MARKETS; SOAR-COMP-MARKET-UNIVERSE-FORM,routes_to:SOAR-CONTROLLER-MARKETS,,SOAR-TEST-MARKETS-API; SOAR-TEST-MARKETS-WEB,SOAR-DOC-API-MARKETS,CHAIN-MARKETS,apps/api/src/modules/markets/markets.controller.ts;apps/api/src/modules/markets/markets.service.ts,no_data_or_explicit_na,medium,critical,2026-05-24
SOAR-API-MARKET-UNIVERSE-CREATE,POST /dashboard/markets/universes,markets,api-markets,verified_local,verified_local,SOAR-SERVICE-WEB-MARKETS; SOAR-FEATURE-BOT-SETUP,routes_to:SOAR-CONTROLLER-MARKETS,SOAR-DB-MARKET-UNIVERSE,SOAR-TEST-MARKETS-API,SOAR-DOC-API-MARKETS,CHAIN-MARKETS,apps/api/src/modules/markets/markets.controller.ts;apps/api/src/modules/markets/markets.service.ts,,none,critical,2026-05-24
SOAR-API-MARKET-UNIVERSE-UPDATE,PUT /dashboard/markets/universes/:id,markets,api-markets,verified_local,verified_local,SOAR-SERVICE-WEB-MARKETS; SOAR-FEATURE-BOT-SETUP,routes_to:SOAR-CONTROLLER-MARKETS,SOAR-DB-MARKET-UNIVERSE; SOAR-DB-SYMBOL-GROUP; SOAR-DB-BOT,SOAR-TEST-MARKETS-API,SOAR-DOC-API-MARKETS,CHAIN-MARKETS,apps/api/src/modules/markets/markets.controller.ts;apps/api/src/modules/markets/markets.service.ts,,none,critical,2026-05-24
SOAR-API-MARKET-UNIVERSE-DELETE,DELETE /dashboard/markets/universes/:id,markets,api-markets,verified_local,verified_local,SOAR-SERVICE-WEB-MARKETS,routes_to:SOAR-CONTROLLER-MARKETS,SOAR-DB-MARKET-UNIVERSE; SOAR-DB-SYMBOL-GROUP; SOAR-DB-BOT; SOAR-DB-BOT-MARKET-GROUP,SOAR-TEST-MARKETS-API,SOAR-DOC-API-MARKETS,CHAIN-MARKETS,apps/api/src/modules/markets/markets.controller.ts;apps/api/src/modules/markets/markets.service.ts,,none,critical,2026-05-24
SOAR-API-BACKTEST-RUN-LIST,GET /dashboard/backtests/runs,backtests,api-backtests,verified_local,verified_local,SOAR-SERVICE-WEB-BACKTESTS,routes_to:SOAR-CONTROLLER-BACKTESTS,SOAR-DB-BACKTEST-RUN,SOAR-TEST-BACKTESTS-API,SOAR-DOC-API-BACKTESTS,CHAIN-BACKTESTS; CHAIN-REPORTS,apps/api/src/modules/backtests/backtests.controller.ts;apps/api/src/modules/backtests/backtests.service.ts,,none,high,2026-05-24
SOAR-API-BACKTEST-RUN-GET,GET /dashboard/backtests/runs/:id,backtests,api-backtests,verified_local,verified_local,SOAR-SERVICE-WEB-BACKTESTS,,SOAR-DB-BACKTEST-RUN,SOAR-TEST-BACKTESTS-API,SOAR-DOC-API-BACKTESTS,CHAIN-BACKTESTS,apps/api/src/modules/backtests/backtests.controller.ts;apps/api/src/modules/backtests/backtests.service.ts,,none,high,2026-05-24
SOAR-API-BACKTEST-RUN-TRADES,GET /dashboard/backtests/runs/:id/trades,backtests,api-backtests,verified_local,verified_local,SOAR-SERVICE-WEB-BACKTESTS,,SOAR-DB-BACKTEST-RUN; SOAR-DB-BACKTEST-TRADE,SOAR-TEST-BACKTESTS-API,SOAR-DOC-API-BACKTESTS,CHAIN-BACKTESTS,apps/api/src/modules/backtests/backtests.controller.ts;apps/api/src/modules/backtests/backtests.service.ts,,none,high,2026-05-24
SOAR-API-BACKTEST-RUN-REPORT,GET /dashboard/backtests/runs/:id/report,backtests,api-backtests,verified_local,verified_local,SOAR-SERVICE-WEB-BACKTESTS; SOAR-FEATURE-REPORTS,,SOAR-DB-BACKTEST-RUN; SOAR-DB-BACKTEST-REPORT,SOAR-TEST-BACKTESTS-API,SOAR-DOC-API-BACKTESTS,CHAIN-BACKTESTS; CHAIN-REPORTS,apps/api/src/modules/backtests/backtests.controller.ts;apps/api/src/modules/backtests/backtests.service.ts,,none,critical,2026-05-24
SOAR-API-BACKTEST-RUN-TIMELINE,GET /dashboard/backtests/runs/:id/timeline,backtests,api-backtests,verified_local,verified_local,SOAR-SERVICE-WEB-BACKTESTS; SOAR-COMP-BACKTEST-RUN-DETAILS,routes_to:SOAR-CONTROLLER-BACKTESTS,SOAR-DB-BACKTEST-RUN; SOAR-DB-BACKTEST-TRADE,SOAR-TEST-BACKTESTS-API; SOAR-TEST-BACKTEST-REPLAY,SOAR-DOC-API-BACKTESTS,CHAIN-BACKTESTS,apps/api/src/modules/backtests/backtests.controller.ts;apps/api/src/modules/backtests/backtests.service.ts,,none,critical,2026-05-24
SOAR-API-BACKTEST-RUN-CREATE,POST /dashboard/backtests/runs,backtests,api-backtests,verified_local,verified_local,SOAR-SERVICE-WEB-BACKTESTS; SOAR-FEATURE-STRATEGIES; SOAR-FEATURE-MARKETS,routes_to:SOAR-CONTROLLER-BACKTESTS,SOAR-DB-BACKTEST-RUN; SOAR-DB-STRATEGY; SOAR-DB-MARKET-UNIVERSE,SOAR-TEST-BACKTESTS-API; SOAR-TEST-BACKTEST-REPLAY,SOAR-DOC-API-BACKTESTS,CHAIN-BACKTESTS,apps/api/src/modules/backtests/backtests.controller.ts;apps/api/src/modules/backtests/backtests.service.ts,,none,critical,2026-05-24
SOAR-API-BACKTEST-RUN-DELETE,DELETE /dashboard/backtests/runs/:id,backtests,api-backtests,verified_local,verified_local,SOAR-SERVICE-WEB-BACKTESTS,,SOAR-DB-BACKTEST-RUN; SOAR-DB-BACKTEST-TRADE; SOAR-DB-BACKTEST-REPORT,SOAR-TEST-BACKTESTS-API,SOAR-DOC-API-BACKTESTS,CHAIN-BACKTESTS,apps/api/src/modules/backtests/backtests.controller.ts;apps/api/src/modules/backtests/backtests.service.ts,,none,critical,2026-05-24
SOAR-API-REPORTS-CROSS-MODE-PERFORMANCE,GET /dashboard/reports/cross-mode-performance,reports,api-reports,verified_local,verified_local,SOAR-SERVICE-WEB-REPORTS,routes_to:SOAR-CONTROLLER-REPORTS,SOAR-DB-BACKTEST-REPORT; SOAR-DB-TRADE; SOAR-DB-BOT,SOAR-TEST-REPORTS-API,SOAR-DOC-API-REPORTS,CHAIN-REPORTS,apps/api/src/modules/reports/reports.controller.ts;apps/api/src/modules/reports/reports.service.ts,,none,critical,2026-05-24
SOAR-API-LOGS-LIST,GET /dashboard/logs,logs-audit,api-logs,verified_local,verified_local,SOAR-SERVICE-WEB-LOGS,routes_to:SOAR-CONTROLLER-LOGS,SOAR-DB-LOG,SOAR-TEST-LOGS-API,SOAR-DOC-API-LOGS,CHAIN-LOGS-AUDIT,apps/api/src/modules/logs/logs.controller.ts;apps/api/src/modules/logs/logs.service.ts,,none,high,2026-05-24
SOAR-API-ADMIN-USERS-LIST,GET /admin/users,subscriptions-admin,api-admin,verified_local,verified_local,SOAR-SERVICE-WEB-ADMIN-USERS; SOAR-ROUTER-ADMIN,routes_to:SOAR-CONTROLLER-ADMIN-USERS,SOAR-DB-USER; SOAR-DB-USER-SUBSCRIPTION; SOAR-DB-SUBSCRIPTION-PLAN,SOAR-TEST-SUBSCRIPTIONS-ADMIN-API,SOAR-DOC-API-ADMIN,CHAIN-SUBSCRIPTIONS-ADMIN,apps/api/src/modules/admin/users/users.controller.ts;apps/api/src/modules/admin/users/users.service.ts,,none,critical,2026-05-24
SOAR-API-ADMIN-USERS-UPDATE,PATCH /admin/users/:userId,subscriptions-admin,api-admin,verified_local,verified_local,SOAR-SERVICE-WEB-ADMIN-USERS,routes_to:SOAR-CONTROLLER-ADMIN-USERS,SOAR-DB-USER; SOAR-DB-USER-SUBSCRIPTION; SOAR-DB-SUBSCRIPTION-PLAN,SOAR-TEST-SUBSCRIPTIONS-ADMIN-API,SOAR-DOC-API-ADMIN,CHAIN-SUBSCRIPTIONS-ADMIN,apps/api/src/modules/admin/users/users.controller.ts;apps/api/src/modules/admin/users/users.service.ts,,none,critical,2026-05-24
SOAR-API-ADMIN-SUBSCRIPTION-PLANS-LIST,GET /admin/subscriptions/plans,subscriptions-admin,api-admin,verified_local,verified_local,SOAR-SERVICE-WEB-ADMIN-SUBSCRIPTIONS; SOAR-ROUTER-ADMIN,routes_to:SOAR-CONTROLLER-ADMIN-SUBSCRIPTION-PLANS,SOAR-DB-SUBSCRIPTION-PLAN,SOAR-TEST-SUBSCRIPTIONS-ADMIN-API,SOAR-DOC-API-ADMIN,CHAIN-SUBSCRIPTIONS-ADMIN,apps/api/src/modules/admin/subscriptionPlans/subscriptionPlans.controller.ts;apps/api/src/modules/admin/subscriptionPlans/subscriptionPlans.service.ts,,none,critical,2026-05-24
SOAR-API-ADMIN-SUBSCRIPTION-PLAN-UPDATE,PUT /admin/subscriptions/plans/:code,subscriptions-admin,api-admin,verified_local,verified_local,SOAR-SERVICE-WEB-ADMIN-SUBSCRIPTIONS,routes_to:SOAR-CONTROLLER-ADMIN-SUBSCRIPTION-PLANS,SOAR-DB-SUBSCRIPTION-PLAN,SOAR-TEST-SUBSCRIPTIONS-ADMIN-API,SOAR-DOC-API-ADMIN,CHAIN-SUBSCRIPTIONS-ADMIN,apps/api/src/modules/admin/subscriptionPlans/subscriptionPlans.controller.ts;apps/api/src/modules/admin/subscriptionPlans/subscriptionPlans.service.ts,,none,critical,2026-05-24
SOAR-API-PROFILE-SUBSCRIPTION-GET,GET /dashboard/profile/subscription,subscriptions-admin,api-profile,verified_local,verified_local,SOAR-SERVICE-WEB-PROFILE-SUBSCRIPTION,routes_to:SOAR-CONTROLLER-PROFILE-SUBSCRIPTION,SOAR-DB-SUBSCRIPTION-PLAN; SOAR-DB-USER-SUBSCRIPTION,SOAR-TEST-SUBSCRIPTIONS-ADMIN-API,SOAR-DOC-API-SUBSCRIPTIONS,CHAIN-SUBSCRIPTIONS-ADMIN,apps/api/src/modules/profile/subscription/subscription.controller.ts;apps/api/src/modules/profile/subscription/subscription.service.ts,,none,high,2026-05-24
SOAR-API-PROFILE-SUBSCRIPTION-CHECKOUT,POST /dashboard/profile/subscription/checkout-intents,subscriptions-admin,api-profile,verified_local,verified_local,SOAR-SERVICE-WEB-PROFILE-SUBSCRIPTION,routes_to:SOAR-CONTROLLER-PROFILE-SUBSCRIPTION,SOAR-DB-SUBSCRIPTION-PLAN; SOAR-DB-USER-SUBSCRIPTION; SOAR-DB-PAYMENT-INTENT,SOAR-TEST-SUBSCRIPTIONS-ADMIN-API,SOAR-DOC-API-SUBSCRIPTIONS,CHAIN-SUBSCRIPTIONS-ADMIN,apps/api/src/modules/profile/subscription/subscription.controller.ts;apps/api/src/modules/subscriptions/payments/paymentCheckout.service.ts,,none,high,2026-05-24
SOAR-API-BOT-ASSISTANT-CONFIG-GET,GET /dashboard/bots/:id/assistant-config,ai-assistant-foundation,api-bots,verified_local,verified_local,SOAR-SERVICE-WEB-BOTS-API,routes_to:SOAR-CONTROLLER-BOTS,SOAR-DB-BOT-ASSISTANT-CONFIG; SOAR-DB-BOT-SUBAGENT-CONFIG,SOAR-TEST-AI-ASSISTANT-API,SOAR-DOC-ASSISTANT-RUNTIME,CHAIN-AI-ASSISTANT-FOUNDATION,apps/api/src/modules/bots/bots.controller.ts;apps/api/src/modules/bots/botAssistant.service.ts,,none,high,2026-05-24
SOAR-API-BOT-ASSISTANT-CONFIG-UPSERT,PUT /dashboard/bots/:id/assistant-config,ai-assistant-foundation,api-bots,verified_local,verified_local,SOAR-SERVICE-WEB-BOTS-API,routes_to:SOAR-CONTROLLER-BOTS,SOAR-DB-BOT-ASSISTANT-CONFIG,SOAR-TEST-AI-ASSISTANT-API,SOAR-DOC-ASSISTANT-RUNTIME,CHAIN-AI-ASSISTANT-FOUNDATION,apps/api/src/modules/bots/bots.controller.ts;apps/api/src/modules/bots/botAssistant.service.ts,,none,high,2026-05-24
SOAR-API-BOT-SUBAGENT-UPSERT,PUT /dashboard/bots/:id/assistant-config/subagents/:slotIndex,ai-assistant-foundation,api-bots,verified_local,verified_local,SOAR-SERVICE-WEB-BOTS-API,routes_to:SOAR-CONTROLLER-BOTS,SOAR-DB-BOT-SUBAGENT-CONFIG,SOAR-TEST-AI-ASSISTANT-API,SOAR-DOC-ASSISTANT-RUNTIME,CHAIN-AI-ASSISTANT-FOUNDATION,apps/api/src/modules/bots/bots.controller.ts;apps/api/src/modules/bots/botAssistant.service.ts,,none,high,2026-05-24
SOAR-API-BOT-SUBAGENT-DELETE,DELETE /dashboard/bots/:id/assistant-config/subagents/:slotIndex,ai-assistant-foundation,api-bots,verified_local,verified_local,SOAR-SERVICE-WEB-BOTS-API,routes_to:SOAR-CONTROLLER-BOTS,SOAR-DB-BOT-SUBAGENT-CONFIG,SOAR-TEST-AI-ASSISTANT-API,SOAR-DOC-ASSISTANT-RUNTIME,CHAIN-AI-ASSISTANT-FOUNDATION,apps/api/src/modules/bots/bots.controller.ts;apps/api/src/modules/bots/botAssistant.service.ts,,none,medium,2026-05-24
SOAR-API-BOT-ASSISTANT-DRY-RUN,POST /dashboard/bots/:id/assistant-config/dry-run,ai-assistant-foundation,api-bots,verified_local,verified_local,SOAR-SERVICE-WEB-BOTS-API,routes_to:SOAR-CONTROLLER-BOTS; calls:SOAR-SERVICE-ASSISTANT-ORCHESTRATOR,SOAR-DB-BOT-ASSISTANT-CONFIG; SOAR-DB-BOT-SUBAGENT-CONFIG,SOAR-TEST-AI-ASSISTANT-API; SOAR-TEST-AI-ASSISTANT-ORCHESTRATOR; SOAR-TEST-AI-PROTOCOL-HARNESS,SOAR-DOC-ASSISTANT-RUNTIME; SOAR-DOC-AI-TESTING-PROTOCOL,CHAIN-AI-ASSISTANT-FOUNDATION,apps/api/src/modules/bots/bots.controller.ts;apps/api/src/modules/bots/botAssistant.service.ts,,none,critical,2026-05-24
SOAR-API-ICON-LOOKUP,GET /dashboard/icons/lookup,api-support-routes,api-icons,verified_local,verified_local,SOAR-ROUTER-DASHBOARD; SOAR-MIDDLEWARE-RATE-LIMIT; SOAR-SERVICE-WEB-ICONS,routes_to:SOAR-CONTROLLER-ICONS; verified_by:SOAR-TEST-ICONS-API; documented_by:SOAR-DOC-API-ICONS,,SOAR-TEST-ICONS-API,SOAR-DOC-API-ICONS,CHAIN-API-SUPPORT-ROUTES,apps/api/src/modules/icons/icons.controller.ts;apps/api/src/modules/icons/icons.service.ts;apps/api/src/modules/icons/icons.types.ts,no_data_or_explicit_na,medium,medium,2026-05-24
SOAR-API-MARKET-STREAM-EVENTS,GET /dashboard/market-stream/events,api-support-routes,api-market-stream,verified_local,verified_local,SOAR-ROUTER-DASHBOARD; SOAR-FEATURE-MARKETS; SOAR-COMP-LIVE-MARKET-BAR,subscribes_to:SOAR-SERVICE-MARKET-STREAM-FANOUT; verified_by:SOAR-TEST-MARKET-STREAM-API; documented_by:SOAR-DOC-API-MARKET-STREAM; observes:SOAR-WORKER-MARKET-STREAM-SUBSCRIPTIONS,,SOAR-TEST-MARKET-STREAM-API,SOAR-DOC-API-MARKET-STREAM,CHAIN-API-SUPPORT-ROUTES,apps/api/src/modules/market-stream/marketStreamFanout.ts;apps/api/src/modules/market-stream/exchangePollingStream.service.ts,no_data_or_explicit_na,medium,high,2026-05-24
SOAR-API-PROFILE-BASIC-GET,GET /dashboard/profile/basic,api-support-routes,api-profile,verified_local,verified_local,SOAR-ROUTER-DASHBOARD; SOAR-FEATURE-PROFILE-API-KEYS; SOAR-COMP-PROFILE-BASIC-FORM,routes_to:SOAR-CONTROLLER-PROFILE-BASIC; verified_by:SOAR-TEST-PROFILE-BASIC-API; documented_by:SOAR-DOC-API-PROFILE,SOAR-DB-USER,SOAR-TEST-PROFILE-BASIC-API,SOAR-DOC-API-PROFILE,CHAIN-API-SUPPORT-ROUTES,apps/api/src/modules/profile/basic/basic.controller.ts;apps/api/src/modules/profile/basic/basic.service.ts;apps/api/src/modules/profile/basic/basic.types.ts,,none,high,2026-05-24
SOAR-API-PROFILE-BASIC-UPDATE,PATCH /dashboard/profile/basic,api-support-routes,api-profile,verified_local,verified_local,SOAR-ROUTER-DASHBOARD; SOAR-COMP-PROFILE-BASIC-FORM,routes_to:SOAR-CONTROLLER-PROFILE-BASIC,SOAR-DB-USER,SOAR-TEST-PROFILE-BASIC-API,SOAR-DOC-API-PROFILE,CHAIN-API-SUPPORT-ROUTES,apps/api/src/modules/profile/basic/basic.controller.ts;apps/api/src/modules/profile/basic/basic.service.ts;apps/api/src/modules/profile/basic/basic.types.ts,,none,high,2026-05-24
SOAR-API-PROFILE-BASIC-DELETE,DELETE /dashboard/profile/basic,api-support-routes,api-profile,verified_local,verified_local,SOAR-ROUTER-DASHBOARD,routes_to:SOAR-CONTROLLER-PROFILE-BASIC,SOAR-DB-USER,SOAR-TEST-PROFILE-BASIC-API,SOAR-DOC-API-PROFILE,CHAIN-API-SUPPORT-ROUTES,apps/api/src/modules/profile/basic/basic.controller.ts;apps/api/src/modules/profile/basic/basic.service.ts,,none,critical,2026-05-24
SOAR-API-PROFILE-SECURITY-PASSWORD,PATCH /dashboard/profile/security/password,api-support-routes,api-profile,verified_local,verified_local,SOAR-ROUTER-DASHBOARD; SOAR-SERVICE-WEB-PROFILE-SECURITY,routes_to:SOAR-CONTROLLER-PROFILE-SECURITY; verified_by:SOAR-TEST-PROFILE-SECURITY-API; documented_by:SOAR-DOC-API-PROFILE,SOAR-DB-USER,SOAR-TEST-PROFILE-SECURITY-API,SOAR-DOC-API-PROFILE,CHAIN-API-SUPPORT-ROUTES,apps/api/src/modules/profile/security/security.controller.ts;apps/api/src/modules/profile/security/security.service.ts;apps/api/src/modules/profile/security/security.types.ts,,none,critical,2026-05-24
SOAR-API-PROFILE-SECURITY-ACCOUNT,DELETE /dashboard/profile/security/account,api-support-routes,api-profile,verified_local,verified_local,SOAR-ROUTER-DASHBOARD; SOAR-SERVICE-WEB-PROFILE-SECURITY,routes_to:SOAR-CONTROLLER-PROFILE-SECURITY,SOAR-DB-USER,SOAR-TEST-PROFILE-SECURITY-API,SOAR-DOC-API-PROFILE,CHAIN-API-SUPPORT-ROUTES,apps/api/src/modules/profile/security/security.controller.ts;apps/api/src/modules/profile/security/security.service.ts,,none,critical,2026-05-24
SOAR-API-UPLOAD-AVATAR,POST /upload/avatar,api-support-routes,api-upload,verified_local,verified_local,SOAR-ROUTER-API-ROOT,calls:SOAR-SERVICE-UPLOAD-AVATAR-PROCESSING; verified_by:SOAR-TEST-UPLOAD-API; documented_by:SOAR-DOC-API-UPLOAD,SOAR-DB-USER,SOAR-TEST-UPLOAD-API,SOAR-DOC-API-UPLOAD,CHAIN-API-SUPPORT-ROUTES,apps/api/src/modules/upload/upload.processing.test.ts,,none,high,2026-05-24
SOAR-API-AUTH-REGISTER,POST /auth/register,auth-session,api-auth,verified_local,verified_local,SOAR-COMP-REGISTER-FORM; SOAR-SERVICE-WEB-AUTH,routes_to:SOAR-CONTROLLER-AUTH,SOAR-DB-USER,SOAR-TEST-API-AUTH-SESSION-DEEP,SOAR-DOC-API-AUTH,CHAIN-AUTH-SESSION-DEEP,apps/api/src/modules/auth/auth.controller.ts;apps/api/src/modules/auth/auth.service.ts,,none,critical,2026-05-24
SOAR-API-AUTH-LOGOUT,POST /auth/logout,auth-session,api-auth,verified_local,verified_local,SOAR-CONTEXT-WEB-AUTH,routes_to:SOAR-CONTROLLER-AUTH,SOAR-DB-USER,SOAR-TEST-API-AUTH-SESSION-DEEP,SOAR-DOC-API-AUTH,CHAIN-AUTH-SESSION-DEEP,apps/api/src/modules/auth/auth.controller.ts;apps/api/src/modules/auth/auth.cookie.ts,,none,high,2026-05-24
